promedio,porcentaje_creditos,nota_asignatura,nota_entrevista,tipo_monitoria,semestre_asignatura,creditos_asignatura,num_postulantes,num_monitores_requeridos,seleccionado,ratio_competencia,puntaje_formula
3.85,92.6,4.48,3.86,investigacion,5,3,3,1,1,0.3333,4.043
3.63,91.1,4.48,3.11,investigacion,5,3,3,1,0,0.3333,3.677
4.09,32.4,3.28,2.76,investigacion,5,3,3,1,0,0.3333,3.315
4.16,57.6,4.18,4.52,acreditacion,5,3,5,4,1,0.8,4.31
4.36,69.9,3.4,4.12,acreditacion,5,3,5,4,1,0.8,3.976
3.89,68.2,4.09,3.05,acreditacion,5,3,5,4,1,0.8,3.614
4.46,83.7,3.06,3.05,acreditacion,5,3,5,4,1,0.8,3.476
4.07,86.8,4.01,2.57,acreditacion,5,3,5,4,0,0.8,3.452
4.35,54.7,4.07,4.93,nee,5,3,9,2,1,0.2222,4.498
4.92,33.7,4.69,4.01,nee,5,3,9,2,1,0.2222,4.487
4.98,36.0,4.72,3.94,nee,5,3,9,2,0,0.2222,4.486
4.14,43.6,4.61,4.32,nee,5,3,9,2,0,0.2222,4.353
4.36,69.9,4.66,4.05,nee,5,3,9,2,0,0.2222,4.326
4.47,30.7,4.91,3.34,nee,5,3,9,2,0,0.2222,4.15
4.38,75.5,3.76,3.88,nee,5,3,9,2,0,0.2222,3.994
4.58,56.6,3.68,2.89,nee,5,3,9,2,0,0.2222,3.634
4.16,57.6,3.19,2.74,nee,5,3,9,2,0,0.2222,3.301
3.55,73.5,4.97,4.64,academica,4,3,3,1,1,0.3333,4.412
4.12,82.4,4.32,4.43,academica,4,3,3,1,0,0.3333,4.304
4.76,56.4,4.73,3.45,academica,4,3,3,1,0,0.3333,4.227
4.9,43.7,4.98,4.1,cultural,6,3,6,3,1,0.5,4.604
4.94,65.9,3.53,4.84,cultural,6,3,6,3,1,0.5,4.477
3.97,94.9,4.3,4.02,cultural,6,3,6,3,1,0.5,4.089
4.32,36.7,3.34,4.32,cultural,6,3,6,3,0,0.5,4.026
4.49,83.2,3.33,3.45,cultural,6,3,6,3,0,0.5,3.726
4.51,83.4,3.74,3.02,cultural,6,3,6,3,0,0.5,3.683
3.9,32.3,4.69,4.44,biblioteca,5,4,8,2,1,0.25,4.353
4.67,51.7,4.83,3.65,biblioteca,5,4,8,2,1,0.25,4.31
4.16,79.8,3.42,4.86,biblioteca,5,4,8,2,0,0.25,4.218
4.88,82.7,4.31,3.49,biblioteca,5,4,8,2,0,0.25,4.153
4.65,59.1,4.75,3.29,biblioteca,5,4,8,2,0,0.25,4.136
4.49,83.2,3.63,3.17,biblioteca,5,4,8,2,0,0.25,3.704
4.09,32.3,3.53,3.12,biblioteca,5,4,8,2,0,0.25,3.534
3.8,53.5,3.46,2.58,biblioteca,5,4,8,2,0,0.25,3.21
4.92,78.4,3.76,4.99,biblioteca,5,3,10,3,1,0.3,4.6
4.69,32.4,4.06,4.93,biblioteca,5,3,10,3,1,0.3,4.597
4.94,57.0,4.25,4.48,biblioteca,5,3,10,3,1,0.3,4.549
4.55,73.8,3.44,4.99,biblioteca,5,3,10,3,0,0.3,4.393
4.98,36.0,4.8,3.5,biblioteca,5,3,10,3,0,0.3,4.334
3.85,92.6,4.44,4.2,biblioteca,5,3,10,3,0,0.3,4.167
4.13,74.1,4.02,2.73,biblioteca,5,3,10,3,0,0.3,3.537
3.52,62.8,4.72,2.53,biblioteca,5,3,10,3,0,0.3,3.484
4.7,80.7,3.09,2.77,biblioteca,5,3,10,3,0,0.3,3.445
3.73,77.4,3.84,2.66,biblioteca,5,3,10,3,0,0.3,3.335
4.12,61.8,4.83,4.68,biblioteca,4,4,9,3,1,0.3333,4.557
4.31,44.8,3.91,4.88,biblioteca,4,4,9,3,1,0.3333,4.418
4.94,65.9,4.53,3.85,biblioteca,4,4,9,3,1,0.3333,4.381
4.88,95.0,4.75,3.16,biblioteca,4,4,9,3,0,0.3333,4.153
3.88,42.6,4.56,3.83,biblioteca,4,4,9,3,0,0.3333,4.064
4.45,85.2,3.6,4.1,biblioteca,4,4,9,3,0,0.3333,4.055
4.98,87.6,4.0,2.95,biblioteca,4,4,9,3,0,0.3333,3.874
4.46,83.7,4.22,2.88,biblioteca,4,4,9,3,0,0.3333,3.756
3.56,33.5,3.22,3.59,biblioteca,4,4,9,3,0,0.3333,3.47
4.47,63.1,4.76,4.87,nee,3,3,11,3,1,0.2727,4.717
4.35,67.0,4.76,4.58,nee,3,3,11,3,1,0.2727,4.565
4.75,67.6,3.53,4.68,nee,3,3,11,3,1,0.2727,4.356
4.35,90.5,4.08,4.32,nee,3,3,11,3,0,0.2727,4.257
4.54,35.4,3.04,4.82,nee,3,3,11,3,0,0.2727,4.202
4.89,94.6,3.14,4.4,nee,3,3,11,3,0,0.2727,4.169
4.18,73.2,3.95,3.87,nee,3,3,11,3,0,0.2727,3.987
4.02,30.3,4.53,2.82,nee,3,3,11,3,0,0.2727,3.693
3.85,71.2,3.17,3.71,nee,3,3,11,3,0,0.2727,3.59
4.53,32.7,3.62,2.64,nee,3,3,11,3,0,0.2727,3.501
3.59,72.1,3.85,3.03,nee,3,3,11,3,0,0.2727,3.444
3.55,73.5,4.99,4.12,laboratorios,4,4,10,3,1,0.3,4.21
3.91,35.8,3.46,4.76,laboratorios,4,4,10,3,1,0.3,4.115
4.45,55.1,3.88,3.79,laboratorios,4,4,10,3,1,0.3,4.015
4.61,76.0,3.14,4.08,laboratorios,4,4,10,3,0,0.3,3.957
4.14,49.5,3.48,4.17,laboratorios,4,4,10,3,0,0.3,3.954
4.8,53.2,4.72,2.68,laboratorios,4,4,10,3,0,0.3,3.928
4.1,44.0,3.68,3.97,laboratorios,4,4,10,3,0,0.3,3.922
4.67,51.7,3.46,3.05,laboratorios,4,4,10,3,0,0.3,3.659
4.3,52.9,3.43,2.83,laboratorios,4,4,10,3,0,0.3,3.451
4.12,61.8,3.24,3.06,laboratorios,4,4,10,3,0,0.3,3.432
4.7,80.7,4.35,4.96,acreditacion,4,4,8,4,1,0.5,4.699
4.98,36.0,4.57,4.52,acreditacion,4,4,8,4,1,0.5,4.673
4.58,56.6,3.93,4.32,acreditacion,4,4,8,4,1,0.5,4.281
3.83,46.2,3.68,4.65,acreditacion,4,4,8,4,1,0.5,4.113
4.3,35.5,3.86,3.56,acreditacion,4,4,8,4,0,0.5,3.872
4.14,43.6,3.2,3.51,acreditacion,4,4,8,4,0,0.5,3.606
4.09,80.4,3.5,2.98,acreditacion,4,4,8,4,0,0.5,3.469
4.05,61.8,3.38,2.74,acreditacion,4,4,8,4,0,0.5,3.325
4.15,89.4,4.62,4.64,cultural,4,3,9,2,1,0.2222,4.487
4.26,66.1,3.96,4.66,cultural,4,3,9,2,1,0.2222,4.33
4.85,67.6,4.8,2.91,cultural,4,3,9,2,0,0.2222,4.059
4.3,74.5,3.19,4.38,cultural,4,3,9,2,0,0.2222,3.999
4.39,63.3,3.2,4.13,cultural,4,3,9,2,0,0.2222,3.929
3.99,62.6,3.37,3.66,cultural,4,3,9,2,0,0.2222,3.672
3.74,86.9,4.75,2.69,cultural,4,3,9,2,0,0.2222,3.623
3.71,30.2,3.47,3.52,cultural,4,3,9,2,0,0.2222,3.562
4.35,54.7,4.08,2.54,cultural,4,3,9,2,0,0.2222,3.545
4.52,73.5,4.46,4.46,nee,5,4,9,4,1,0.4444,4.478
3.51,35.1,4.85,4.46,nee,5,4,9,4,1,0.4444,4.292
4.21,73.3,4.84,3.83,nee,5,4,9,4,1,0.4444,4.247
4.69,32.4,4.32,3.72,nee,5,4,9,4,1,0.4444,4.191
4.19,71.3,3.57,4.24,nee,5,4,9,4,0,0.4444,4.024
3.88,42.6,3.12,4.34,nee,5,4,9,4,0,0.4444,3.836
4.32,36.7,3.1,3.69,nee,5,4,9,4,0,0.4444,3.702
4.69,47.4,3.38,3.04,nee,5,4,9,4,0,0.4444,3.637
3.71,30.2,3.12,3.28,nee,5,4,9,4,0,0.4444,3.361
4.63,61.0,4.72,3.51,nee,5,4,5,1,1,0.2,4.209
3.72,87.0,4.88,3.92,nee,5,4,5,1,0,0.2,4.148
3.85,72.0,3.16,4.14,nee,5,4,5,1,0,0.2,3.759
4.09,80.4,4.16,2.6,nee,5,4,5,1,0,0.2,3.515
4.22,88.5,3.14,2.67,nee,5,4,5,1,0,0.2,3.276
3.83,48.6,5.0,4.99,acreditacion,5,3,8,3,1,0.375,4.645
4.03,50.2,3.53,4.83,acreditacion,5,3,8,3,1,0.375,4.2
4.05,47.8,3.41,4.29,acreditacion,5,3,8,3,1,0.375,3.954
3.67,92.4,3.63,4.38,acreditacion,5,3,8,3,0,0.375,3.942
4.91,32.6,3.48,3.49,acreditacion,5,3,8,3,0,0.375,3.913
4.31,44.8,4.34,3.25,acreditacion,5,3,8,3,0,0.375,3.895
4.56,89.9,3.15,3.65,acreditacion,5,3,8,3,0,0.375,3.773
3.97,94.9,3.15,3.03,acreditacion,5,3,8,3,0,0.375,3.348
4.41,54.3,4.97,4.52,regimenes_especiales,5,4,8,2,1,0.25,4.622
4.8,94.8,4.11,4.83,regimenes_especiales,5,4,8,2,1,0.25,4.605
4.97,64.4,3.53,4.72,regimenes_especiales,5,4,8,2,0,0.25,4.438
4.51,69.3,3.21,4.7,regimenes_especiales,5,4,8,2,0,0.25,4.196
3.91,77.4,4.06,4.17,regimenes_especiales,5,4,8,2,0,0.25,4.059
4.55,92.0,4.09,3.26,regimenes_especiales,5,4,8,2,0,0.25,3.896
4.09,32.3,3.57,3.6,regimenes_especiales,5,4,8,2,0,0.25,3.738
3.88,56.2,4.48,2.89,regimenes_especiales,5,4,8,2,0,0.25,3.664
3.81,89.5,4.81,4.62,tic,5,4,8,2,1,0.25,4.434
3.83,87.6,4.54,4.09,tic,5,4,8,2,1,0.25,4.147
4.09,41.0,3.52,4.35,tic,5,4,8,2,0,0.25,4.023
4.17,94.0,3.53,3.72,tic,5,4,8,2,0,0.25,3.798
3.72,74.4,3.41,4.09,tic,5,4,8,2,0,0.25,3.775
3.56,33.5,4.1,3.57,tic,5,4,8,2,0,0.25,3.726
3.52,62.8,3.18,3.56,tic,5,4,8,2,0,0.25,3.434
4.18,59.7,3.55,2.51,tic,5,4,8,2,0,0.25,3.323
3.56,56.3,4.89,4.23,nee,3,3,4,1,1,0.25,4.227
4.32,67.2,3.74,3.88,nee,3,3,4,1,0,0.25,3.97
4.58,56.6,3.3,2.59,nee,3,3,4,1,0,0.25,3.4
3.84,33.3,3.86,2.6,nee,3,3,4,1,0,0.25,3.35
4.98,87.6,4.86,4.66,permanencia_graduacion,5,4,8,1,1,0.125,4.816
3.96,69.1,4.95,4.53,permanencia_graduacion,5,4,8,1,0,0.125,4.485
4.37,58.4,4.77,3.52,permanencia_graduacion,5,4,8,1,0,0.125,4.15
4.58,56.6,3.21,4.45,permanencia_graduacion,5,4,8,1,0,0.125,4.117
4.74,69.8,4.24,2.89,permanencia_graduacion,5,4,8,1,0,0.125,3.85
4.51,83.4,4.76,2.56,permanencia_graduacion,5,4,8,1,0,0.125,3.805
3.64,36.7,4.47,3.33,permanencia_graduacion,5,4,8,1,0,0.125,3.765
4.09,41.0,3.42,3.12,permanencia_graduacion,5,4,8,1,0,0.125,3.501
3.84,33.3,4.64,4.68,deportiva,2,4,7,2,1,0.2857,4.416
4.68,58.8,3.45,4.15,deportiva,2,4,7,2,1,0.2857,4.099
3.71,30.2,4.84,3.37,deportiva,2,4,7,2,0,0.2857,3.913
3.64,36.7,3.32,4.25,deportiva,2,4,7,2,0,0.2857,3.788
4.55,92.0,3.8,3.2,deportiva,2,4,7,2,0,0.2857,3.785
4.38,75.5,3.94,3.0,deportiva,2,4,7,2,0,0.2857,3.696
4.4,52.8,3.77,2.6,deportiva,2,4,7,2,0,0.2857,3.491
4.45,53.6,4.96,3.84,regimenes_especiales,3,3,9,3,1,0.3333,4.359
4.94,54.6,4.21,3.78,regimenes_especiales,3,3,9,3,1,0.3333,4.257
4.7,84.7,4.93,3.16,regimenes_especiales,3,3,9,3,1,0.3333,4.153
4.38,68.8,3.77,3.94,regimenes_especiales,3,3,9,3,0,0.3333,4.021
4.45,53.6,4.46,3.28,regimenes_especiales,3,3,9,3,0,0.3333,3.985
4.33,92.1,4.94,2.95,regimenes_especiales,3,3,9,3,0,0.3333,3.961
4.58,31.8,4.88,2.79,regimenes_especiales,3,3,9,3,0,0.3333,3.954
3.99,90.8,4.28,3.5,regimenes_especiales,3,3,9,3,0,0.3333,3.881
4.78,84.0,3.22,3.59,regimenes_especiales,3,3,9,3,0,0.3333,3.836
4.73,30.9,3.63,4.62,tic,3,3,9,1,1,0.1111,4.356
3.77,79.7,4.48,4.18,tic,3,3,9,1,0,0.1111,4.147
3.88,42.6,4.08,4.3,tic,3,3,9,1,0,0.1111,4.108
4.88,82.7,4.33,3.33,tic,3,3,9,1,0,0.1111,4.095
4.86,52.5,4.44,3.25,tic,3,3,9,1,0,0.1111,4.09
3.74,86.9,3.0,4.81,tic,3,3,9,1,0,0.1111,3.946
4.76,62.3,3.8,3.24,tic,3,3,9,1,0,0.1111,3.864
3.76,39.0,3.62,3.52,tic,3,3,9,1,0,0.1111,3.622
3.63,91.1,3.73,2.67,tic,3,3,9,1,0,0.1111,3.276
4.05,58.4,4.92,4.34,academica_cursos,5,3,9,2,1,0.2222,4.427
4.13,75.4,4.02,4.48,academica_cursos,5,3,9,2,1,0.2222,4.237
4.56,51.0,3.88,4.19,academica_cursos,5,3,9,2,0,0.2222,4.208
4.34,67.5,3.42,4.46,academica_cursos,5,3,9,2,0,0.2222,4.112
4.62,48.7,4.67,3.26,academica_cursos,5,3,9,2,0,0.2222,4.091
4.67,51.7,4.5,2.94,academica_cursos,5,3,9,2,0,0.2222,3.927
4.22,51.7,4.14,3.52,academica_cursos,5,3,9,2,0,0.2222,3.916
3.98,34.8,4.33,3.45,academica_cursos,5,3,9,2,0,0.2222,3.873
4.13,76.4,4.21,3.31,academica_cursos,5,3,9,2,0,0.2222,3.826
4.73,30.9,3.95,4.62,investigacion,4,3,7,1,1,0.1429,4.452
4.28,57.8,4.03,4.08,investigacion,4,3,7,1,0,0.1429,4.125
3.99,67.4,3.67,4.55,investigacion,4,3,7,1,0,0.1429,4.118
3.6,69.4,4.5,4.18,investigacion,4,3,7,1,0,0.1429,4.102
3.87,88.9,3.15,3.54,investigacion,4,3,7,1,0,0.1429,3.522
4.13,76.4,3.05,3.11,investigacion,4,3,7,1,0,0.1429,3.398
3.85,92.6,3.45,3.0,investigacion,4,3,7,1,0,0.1429,3.39
4.75,74.4,4.5,4.43,investigacion,5,3,9,2,1,0.2222,4.547
3.73,77.4,4.34,4.97,investigacion,5,3,9,2,1,0.2222,4.409
4.92,33.7,3.5,4.62,investigacion,5,3,9,2,0,0.2222,4.374
4.27,47.0,3.35,4.89,investigacion,5,3,9,2,0,0.2222,4.242
3.97,94.9,3.91,4.5,investigacion,5,3,9,2,0,0.2222,4.164
4.12,61.8,3.99,3.11,investigacion,5,3,9,2,0,0.2222,3.677
4.52,76.0,4.04,2.63,investigacion,5,3,9,2,0,0.2222,3.62
4.03,50.2,4.31,2.51,investigacion,5,3,9,2,0,0.2222,3.506
3.64,36.7,3.21,3.56,investigacion,5,3,9,2,0,0.2222,3.479
4.99,65.2,4.01,4.58,acreditacion,5,4,11,3,1,0.2727,4.532
4.2,55.6,4.28,4.41,acreditacion,5,4,11,3,1,0.2727,4.308
4.9,43.7,4.49,3.69,acreditacion,5,4,11,3,1,0.2727,4.293
3.77,79.7,4.1,4.74,acreditacion,5,4,11,3,0,0.2727,4.257
4.05,58.4,4.23,4.3,acreditacion,5,4,11,3,0,0.2727,4.204
5.0,39.7,3.64,3.85,acreditacion,5,4,11,3,0,0.2727,4.132
4.15,81.3,4.04,4.07,acreditacion,5,4,11,3,0,0.2727,4.085
5.0,81.1,3.57,3.18,acreditacion,5,4,11,3,0,0.2727,3.843
4.7,90.5,3.55,2.69,acreditacion,5,4,11,3,0,0.2727,3.551
4.12,87.2,3.52,3.12,acreditacion,5,4,11,3,0,0.2727,3.54
3.6,54.0,3.28,3.08,acreditacion,5,4,11,3,0,0.2727,3.296
4.54,35.4,4.39,4.64,academica,4,3,6,2,1,0.3333,4.535
3.84,74.8,4.81,3.96,academica,4,3,6,2,1,0.3333,4.179
4.65,59.1,4.53,3.45,academica,4,3,6,2,0,0.3333,4.134
4.09,41.0,4.09,3.54,academica,4,3,6,2,0,0.3333,3.87
4.08,38.5,3.13,3.52,academica,4,3,6,2,0,0.3333,3.571
3.71,30.2,3.41,3.55,academica,4,3,6,2,0,0.3333,3.556
4.28,57.8,4.51,4.63,nee,5,3,8,3,1,0.375,4.489
4.7,83.4,4.5,3.87,nee,5,3,8,3,1,0.375,4.308
4.25,82.5,4.91,3.55,nee,5,3,8,3,1,0.375,4.168
4.02,53.5,4.36,3.51,nee,5,3,8,3,0,0.375,3.918
4.23,61.7,4.21,3.05,nee,5,3,8,3,0,0.375,3.752
4.16,79.8,3.33,3.67,nee,5,3,8,3,0,0.375,3.715
4.63,61.0,3.06,3.34,nee,5,3,8,3,0,0.375,3.643
3.9,32.3,3.44,3.59,nee,5,3,8,3,0,0.375,3.638
4.67,37.9,4.9,3.55,academica_cursos,3,3,9,1,1,0.1111,4.291
4.92,78.4,4.76,3.2,academica_cursos,3,3,9,1,0,0.1111,4.184
3.77,79.7,4.18,4.16,academica_cursos,3,3,9,1,0,0.1111,4.049
4.75,74.4,4.73,2.95,academica_cursos,3,3,9,1,0,0.1111,4.024
3.57,41.5,4.67,3.68,academica_cursos,3,3,9,1,0,0.1111,3.944
4.89,94.6,4.5,2.63,academica_cursos,3,3,9,1,0,0.1111,3.869
4.67,37.9,3.17,3.57,academica_cursos,3,3,9,1,0,0.1111,3.78
4.12,61.8,3.91,3.34,academica_cursos,3,3,9,1,0,0.1111,3.745
4.49,83.2,3.52,3.32,academica_cursos,3,3,9,1,0,0.1111,3.731
4.03,50.2,4.51,4.87,permanencia_graduacion,6,3,4,2,1,0.5,4.51
3.9,32.3,4.56,4.13,permanencia_graduacion,6,3,4,2,1,0.5,4.19
4.9,43.7,3.4,2.55,permanencia_graduacion,6,3,4,2,0,0.5,3.51
3.88,42.6,3.3,2.82,permanencia_graduacion,6,3,4,2,0,0.5,3.282
4.68,83.0,4.37,4.51,investigacion,5,4,12,1,1,0.0833,4.519
4.16,38.1,4.21,4.91,investigacion,5,4,12,1,0,0.0833,4.475
4.26,48.6,4.16,4.82,investigacion,5,4,12,1,0,0.0833,4.454
4.54,35.4,3.75,4.85,investigacion,5,4,12,1,0,0.0833,4.427
4.23,63.3,4.44,4.44,investigacion,5,4,12,1,0,0.0833,4.377
3.66,61.9,4.15,4.77,investigacion,5,4,12,1,0,0.0833,4.251
4.16,79.8,4.9,3.66,investigacion,5,4,12,1,0,0.0833,4.182
4.63,91.0,4.39,3.25,investigacion,5,4,12,1,0,0.0833,4.006
4.36,38.1,3.4,3.98,investigacion,5,4,12,1,0,0.0833,3.92
4.92,59.2,3.51,3.42,investigacion,5,4,12,1,0,0.0833,3.897
4.14,49.5,4.66,3.11,investigacion,5,4,12,1,0,0.0833,3.884
4.53,84.9,3.33,3.28,investigacion,5,4,12,1,0,0.0833,3.67
3.99,90.8,3.72,4.73,administrativa,4,3,8,1,1,0.125,4.205
3.84,92.7,4.3,4.04,administrativa,4,3,8,1,0,0.125,4.058
4.7,90.5,3.98,3.58,administrativa,4,3,8,1,0,0.125,4.036
4.8,94.8,3.35,3.8,administrativa,4,3,8,1,0,0.125,3.965
3.51,53.7,4.07,4.15,administrativa,4,3,8,1,0,0.125,3.934
4.13,74.1,3.14,4.12,administrativa,4,3,8,1,0,0.125,3.829
4.86,52.5,3.92,2.88,administrativa,4,3,8,1,0,0.125,3.786
4.65,59.1,3.03,3.55,administrativa,4,3,8,1,0,0.125,3.724
4.91,32.6,3.87,4.33,biblioteca,6,3,12,4,1,0.3333,4.366
4.54,58.3,3.54,4.63,biblioteca,6,3,12,4,1,0.3333,4.276
4.16,57.6,3.42,4.49,biblioteca,6,3,12,4,1,0.3333,4.07
3.56,49.7,3.68,4.7,biblioteca,6,3,12,4,1,0.3333,4.052
4.17,94.0,3.93,4.03,biblioteca,6,3,12,4,0,0.3333,4.042
3.88,56.2,3.02,4.87,biblioteca,6,3,12,4,0,0.3333,4.018
4.07,86.8,3.17,4.3,biblioteca,6,3,12,4,0,0.3333,3.892
3.81,89.5,4.76,3.11,biblioteca,6,3,12,4,0,0.3333,3.815
4.36,69.9,4.66,2.72,biblioteca,6,3,12,4,0,0.3333,3.794
3.87,61.3,4.7,2.95,biblioteca,6,3,12,4,0,0.3333,3.751
3.85,51.1,4.4,3.19,biblioteca,6,3,12,4,0,0.3333,3.751
4.36,69.9,3.76,2.57,biblioteca,6,3,12,4,0,0.3333,3.464
4.7,90.5,3.85,4.36,cultural,4,3,10,2,1,0.2,4.309
4.63,35.9,4.29,3.73,cultural,4,3,10,2,1,0.2,4.168
4.68,47.7,3.95,3.83,cultural,4,3,10,2,0,0.2,4.121
4.27,47.0,3.66,4.26,cultural,4,3,10,2,0,0.2,4.083
4.85,67.6,4.59,2.73,cultural,4,3,10,2,0,0.2,3.924
3.84,92.7,3.44,4.23,cultural,4,3,10,2,0,0.2,3.876
4.28,57.8,3.24,3.84,cultural,4,3,10,2,0,0.2,3.792
3.56,56.3,3.61,3.95,cultural,4,3,10,2,0,0.2,3.731
3.84,33.3,3.54,3.13,cultural,4,3,10,2,0,0.2,3.466
3.68,65.4,3.24,2.98,cultural,4,3,10,2,0,0.2,3.268
4.29,53.3,4.45,4.94,administrativa,5,4,6,2,1,0.3333,4.598
4.54,35.4,3.43,3.71,administrativa,5,4,6,2,1,0.3333,3.875
4.35,90.5,4.05,3.21,administrativa,5,4,6,2,0,0.3333,3.804
4.27,47.0,3.03,3.84,administrativa,5,4,6,2,0,0.3333,3.726
4.92,88.7,3.45,2.95,administrativa,5,4,6,2,0,0.3333,3.691
3.6,54.0,3.2,2.99,administrativa,5,4,6,2,0,0.3333,3.236
4.3,35.5,3.98,4.68,tic,4,4,3,1,1,0.3333,4.356
4.62,48.7,3.25,4.67,tic,4,4,3,1,0,0.3333,4.229
4.18,35.5,4.11,4.24,tic,4,4,3,1,0,0.3333,4.183
3.96,69.1,4.24,4.44,acreditacion,4,4,11,3,1,0.2727,4.236
4.63,83.0,4.93,3.13,acreditacion,4,4,11,3,1,0.2727,4.12
3.51,35.1,3.76,4.77,acreditacion,4,4,11,3,1,0.2727,4.089
3.81,89.5,4.15,4.22,acreditacion,4,4,11,3,0,0.2727,4.076
3.96,86.3,3.83,3.99,acreditacion,4,4,11,3,0,0.2727,3.933
4.53,57.3,4.72,2.79,acreditacion,4,4,11,3,0,0.2727,3.891
3.6,59.3,3.3,4.53,acreditacion,4,4,11,3,0,0.2727,3.882
4.57,62.6,3.13,3.73,acreditacion,4,4,11,3,0,0.2727,3.802
3.83,46.2,3.5,3.9,acreditacion,4,4,11,3,0,0.2727,3.759
3.95,50.2,4.9,2.71,acreditacion,4,4,11,3,0,0.2727,3.739
3.61,83.2,3.96,3.35,acreditacion,4,4,11,3,0,0.2727,3.611
4.88,82.7,3.57,4.65,tic,4,3,9,4,1,0.4444,4.395
4.18,35.5,4.53,4.06,tic,4,3,9,4,1,0.4444,4.237
4.25,33.5,4.38,3.67,tic,4,3,9,4,1,0.4444,4.057
4.61,76.0,3.48,3.88,tic,4,3,9,4,1,0.4444,3.979
4.55,73.8,3.31,3.52,tic,4,3,9,4,0,0.4444,3.766
3.6,59.3,4.92,2.75,tic,4,3,9,4,0,0.4444,3.656
4.63,83.0,3.07,3.22,tic,4,3,9,4,0,0.4444,3.598
4.4,42.2,3.53,2.7,tic,4,3,9,4,0,0.4444,3.459
3.7,44.1,4.14,2.65,tic,4,3,9,4,0,0.4444,3.412
4.18,82.9,4.32,4.83,regimenes_especiales,6,4,7,2,1,0.2857,4.482
3.76,39.0,4.3,4.77,regimenes_especiales,6,4,7,2,1,0.2857,4.326
4.36,50.5,4.58,4.06,regimenes_especiales,6,4,7,2,0,0.2857,4.306
4.28,57.8,4.5,3.92,regimenes_especiales,6,4,7,2,0,0.2857,4.202
4.68,83.0,3.85,3.86,regimenes_especiales,6,4,7,2,0,0.2857,4.103
4.78,84.0,3.33,3.27,regimenes_especiales,6,4,7,2,0,0.2857,3.741
3.57,59.3,4.65,2.68,regimenes_especiales,6,4,7,2,0,0.2857,3.538
4.28,57.8,4.2,4.72,tic,3,3,6,4,1,0.6667,4.432
3.67,92.4,4.47,4.01,tic,3,3,6,4,1,0.6667,4.046
4.37,46.9,4.08,3.59,tic,3,3,6,4,1,0.6667,3.971
4.63,91.0,3.94,3.26,tic,3,3,6,4,1,0.6667,3.875
4.48,45.9,3.05,3.07,tic,3,3,6,4,0,0.6667,3.487
3.52,62.8,3.81,3.18,tic,3,3,6,4,0,0.6667,3.471
4.28,57.8,4.63,4.92,investigacion,5,3,7,1,1,0.1429,4.641
4.21,36.0,4.15,4.41,investigacion,5,3,7,1,0,0.1429,4.272
3.83,46.2,4.99,3.59,investigacion,5,3,7,1,0,0.1429,4.082
4.45,53.6,3.94,3.52,investigacion,5,3,7,1,0,0.1429,3.925
3.76,82.5,3.35,3.8,investigacion,5,3,7,1,0,0.1429,3.653
4.38,75.5,3.64,2.76,investigacion,5,3,7,1,0,0.1429,3.51
3.51,38.8,3.88,3.2,investigacion,5,3,7,1,0,0.1429,3.497
4.54,58.3,4.25,4.4,academica_cursos,1,4,10,3,1,0.3,4.397
4.99,65.2,4.94,3.51,academica_cursos,1,4,10,3,1,0.3,4.383
3.6,54.0,4.89,4.53,academica_cursos,1,4,10,3,1,0.3,4.359
3.74,86.9,4.03,4.97,academica_cursos,1,4,10,3,0,0.3,4.319
4.76,76.7,4.32,3.86,academica_cursos,1,4,10,3,0,0.3,4.268
4.09,32.4,3.72,4.39,academica_cursos,1,4,10,3,0,0.3,4.099
4.94,54.6,4.39,3.22,academica_cursos,1,4,10,3,0,0.3,4.087
4.16,38.1,4.1,3.64,academica_cursos,1,4,10,3,0,0.3,3.934
4.63,61.0,3.83,2.97,academica_cursos,1,4,10,3,0,0.3,3.726
4.05,61.8,3.63,3.31,academica_cursos,1,4,10,3,0,0.3,3.628
4.47,30.7,4.89,4.12,laboratorios,4,3,12,3,1,0.25,4.456
4.39,63.3,4.6,4.27,laboratorios,4,3,12,3,1,0.25,4.405
4.59,58.9,3.31,4.83,laboratorios,4,3,12,3,1,0.25,4.302
4.34,67.5,4.76,3.71,laboratorios,4,3,12,3,0,0.25,4.214
4.76,56.4,3.06,4.08,laboratorios,4,3,12,3,0,0.25,3.978
3.91,77.4,3.58,4.26,laboratorios,4,3,12,3,0,0.25,3.951
3.85,92.6,3.94,3.64,laboratorios,4,3,12,3,0,0.25,3.793
3.8,48.9,3.83,3.71,laboratorios,4,3,12,3,0,0.25,3.773
4.18,73.2,4.68,2.78,laboratorios,4,3,12,3,0,0.25,3.77
4.99,53.3,3.26,3.22,laboratorios,4,3,12,3,0,0.25,3.763
4.53,42.8,3.82,3.06,laboratorios,4,3,12,3,0,0.25,3.729
4.3,74.5,3.62,2.53,laboratorios,4,3,12,3,0,0.25,3.388
4.85,67.6,4.17,5.0,academica_cursos,5,4,8,4,1,0.5,4.706
4.22,51.7,4.76,4.66,academica_cursos,5,4,8,4,1,0.5,4.558
4.53,32.7,3.83,4.84,academica_cursos,5,4,8,4,1,0.5,4.444
4.48,45.9,4.84,3.77,academica_cursos,5,4,8,4,1,0.5,4.304
4.23,64.9,4.02,4.55,academica_cursos,5,4,8,4,0,0.5,4.295
3.86,73.6,3.55,4.48,academica_cursos,5,4,8,4,0,0.5,4.015
4.98,36.0,3.98,2.87,academica_cursos,5,4,8,4,0,0.5,3.836
4.02,30.3,3.57,3.25,academica_cursos,5,4,8,4,0,0.5,3.577
5.0,94.7,4.98,4.48,biblioteca,5,4,10,4,1,0.4,4.786
4.25,75.2,4.74,4.95,biblioteca,5,4,10,4,1,0.4,4.677
4.74,73.2,3.75,4.83,biblioteca,5,4,10,4,1,0.4,4.479
4.7,83.4,4.71,3.53,biblioteca,5,4,10,4,1,0.4,4.235
4.31,44.8,3.66,4.41,biblioteca,5,4,10,4,0,0.4,4.155
3.74,86.9,4.83,3.45,biblioteca,5,4,10,4,0,0.4,3.951
4.59,58.9,3.64,3.68,biblioteca,5,4,10,4,0,0.4,3.941
4.69,47.4,3.48,3.46,biblioteca,5,4,10,4,0,0.4,3.835
3.98,83.9,4.93,2.82,biblioteca,5,4,10,4,0,0.4,3.801
4.13,74.1,4.3,2.88,biblioteca,5,4,10,4,0,0.4,3.681
5.0,94.7,3.94,4.92,acreditacion,3,3,5,3,1,0.6,4.65
4.58,52.4,4.75,3.6,acreditacion,3,3,5,3,1,0.6,4.239
4.32,36.7,4.44,3.52,acreditacion,3,3,5,3,1,0.6,4.036
3.56,49.7,4.05,3.64,acreditacion,3,3,5,3,0,0.6,3.739
4.23,61.7,4.31,2.89,acreditacion,3,3,5,3,0,0.6,3.718
4.62,79.9,4.7,4.63,permanencia_graduacion,5,3,6,4,1,0.6667,4.648
4.1,44.0,4.26,4.8,permanencia_graduacion,5,3,6,4,1,0.6667,4.428
3.51,53.7,4.52,4.68,permanencia_graduacion,5,3,6,4,1,0.6667,4.281
3.81,48.3,4.72,3.45,permanencia_graduacion,5,3,6,4,1,0.6667,3.939
3.69,56.7,3.63,4.3,permanencia_graduacion,5,3,6,4,0,0.6667,3.916
4.55,92.0,3.07,2.67,permanencia_graduacion,5,3,6,4,0,0.6667,3.354
4.48,45.9,4.96,4.4,laboratorios,6,3,9,1,1,0.1111,4.592
4.15,81.3,3.82,4.2,laboratorios,6,3,9,1,0,0.1111,4.071
4.36,69.9,4.22,3.46,laboratorios,6,3,9,1,0,0.1111,3.958
4.54,35.4,3.86,3.11,laboratorios,6,3,9,1,0,0.1111,3.764
4.35,90.5,3.33,3.25,laboratorios,6,3,9,1,0,0.1111,3.604
3.64,46.0,4.41,2.75,laboratorios,6,3,9,1,0,0.1111,3.515
4.07,86.8,3.06,3.31,laboratorios,6,3,9,1,0,0.1111,3.463
3.55,33.7,3.11,3.4,laboratorios,6,3,9,1,0,0.1111,3.358
3.54,63.5,3.36,2.94,laboratorios,6,3,9,1,0,0.1111,3.246
5.0,39.7,4.61,4.75,investigacion,6,3,10,2,1,0.2,4.783
4.23,63.3,4.18,4.1,investigacion,6,3,10,2,1,0.2,4.163
4.7,30.7,4.69,3.0,investigacion,6,3,10,2,0,0.2,4.017
4.63,91.0,4.36,2.89,investigacion,6,3,10,2,0,0.2,3.853
4.07,65.2,3.77,3.71,investigacion,6,3,10,2,0,0.2,3.836
4.68,62.7,3.92,3.13,investigacion,6,3,10,2,0,0.2,3.832
4.09,80.4,4.83,2.86,investigacion,6,3,10,2,0,0.2,3.82
4.64,75.1,3.85,3.13,investigacion,6,3,10,2,0,0.2,3.799
4.12,87.2,3.88,3.36,investigacion,6,3,10,2,0,0.2,3.744
4.59,58.9,3.51,2.52,investigacion,6,3,10,2,0,0.2,3.438
4.35,90.5,4.15,4.98,laboratorios,3,4,10,4,1,0.4,4.542
4.8,94.8,3.59,4.94,laboratorios,3,4,10,4,1,0.4,4.493
4.89,38.6,4.13,4.21,laboratorios,3,4,10,4,1,0.4,4.39
4.63,91.0,4.24,4.19,laboratorios,3,4,10,4,1,0.4,4.337
4.39,63.2,3.7,4.09,laboratorios,3,4,10,4,0,0.4,4.063
3.51,38.8,4.6,4.02,laboratorios,3,4,10,4,0,0.4,4.041
4.23,63.3,4.81,3.22,laboratorios,3,4,10,4,0,0.4,4.0
4.13,40.5,4.21,3.74,laboratorios,3,4,10,4,0,0.4,3.998
4.48,45.9,4.32,3.19,laboratorios,3,4,10,4,0,0.4,3.916
4.18,73.2,4.49,2.62,laboratorios,3,4,10,4,0,0.4,3.649
4.97,64.4,4.81,4.12,academica,4,3,4,2,1,0.5,4.582
3.64,78.1,4.16,4.33,academica,4,3,4,2,1,0.5,4.072
4.29,53.3,3.62,3.6,academica,4,3,4,2,0,0.5,3.813
4.38,68.8,3.18,3.24,academica,4,3,4,2,0,0.5,3.564
4.98,36.0,4.89,4.92,academica,4,3,7,4,1,0.5714,4.929
4.98,87.6,3.33,4.79,academica,4,3,7,4,1,0.5714,4.409
4.94,57.0,4.61,3.67,academica,4,3,7,4,1,0.5714,4.333
4.46,39.5,4.75,3.41,academica,4,3,7,4,1,0.5714,4.127
3.85,51.1,3.59,4.68,academica,4,3,7,4,0,0.5714,4.104
4.18,73.2,3.4,4.47,academica,4,3,7,4,0,0.5714,4.062
4.68,62.7,4.0,3.18,academica,4,3,7,4,0,0.5714,3.876
4.35,67.0,4.96,4.92,regimenes_especiales,6,3,6,2,1,0.3333,4.761
4.58,52.4,4.35,4.18,regimenes_especiales,6,3,6,2,1,0.3333,4.351
3.64,36.7,4.72,4.31,regimenes_especiales,6,3,6,2,0,0.3333,4.232
3.54,89.4,4.61,3.41,regimenes_especiales,6,3,6,2,0,0.3333,3.809
3.71,30.2,4.07,3.64,regimenes_especiales,6,3,6,2,0,0.3333,3.79
4.58,56.6,4.58,2.53,regimenes_especiales,6,3,6,2,0,0.3333,3.76
4.9,84.7,3.28,4.87,acreditacion,4,3,10,4,1,0.4,4.402
3.51,38.8,4.65,4.77,acreditacion,4,3,10,4,1,0.4,4.356
4.95,55.6,3.19,4.72,acreditacion,4,3,10,4,1,0.4,4.33
3.89,68.2,4.12,4.79,acreditacion,4,3,10,4,1,0.4,4.319
3.88,42.6,3.05,4.71,acreditacion,4,3,10,4,0,0.4,3.963
4.55,73.8,3.61,3.73,acreditacion,4,3,10,4,0,0.4,3.94
5.0,94.7,3.27,3.63,acreditacion,4,3,10,4,0,0.4,3.933
3.85,92.6,3.6,3.52,acreditacion,4,3,10,4,0,0.4,3.643
4.47,63.1,3.44,2.66,acreditacion,4,3,10,4,0,0.4,3.437
3.97,94.9,3.22,3.08,acreditacion,4,3,10,4,0,0.4,3.389
4.26,48.6,4.77,4.14,investigacion,2,4,7,4,1,0.5714,4.365
4.39,63.2,3.73,4.75,investigacion,2,4,7,4,1,0.5714,4.336
4.12,36.3,3.73,4.95,investigacion,2,4,7,4,1,0.5714,4.335
4.33,92.1,4.67,4.04,investigacion,2,4,7,4,1,0.5714,4.316
5.0,81.1,4.38,3.04,investigacion,2,4,7,4,0,0.5714,4.03
4.02,39.9,4.88,3.2,investigacion,2,4,7,4,0,0.5714,3.95
4.7,84.7,3.89,3.09,investigacion,2,4,7,4,0,0.5714,3.813
4.79,49.0,3.24,4.62,investigacion,4,4,4,3,1,0.75,4.257
4.63,35.9,3.91,4.16,investigacion,4,4,4,3,1,0.75,4.226
3.72,74.4,4.28,3.99,investigacion,4,4,4,3,1,0.75,3.996
3.9,32.3,3.8,2.97,investigacion,4,4,4,3,0,0.75,3.498
3.81,89.5,3.43,4.67,nee,6,3,8,1,1,0.125,4.04
4.9,84.7,4.72,2.86,nee,6,3,8,1,0,0.125,4.03
4.19,71.3,4.53,3.02,nee,6,3,8,1,0,0.125,3.824
4.3,35.5,4.8,2.51,nee,6,3,8,1,0,0.125,3.734
4.63,61.0,3.66,2.87,nee,6,3,8,1,0,0.125,3.635
4.16,57.6,4.13,2.67,nee,6,3,8,1,0,0.125,3.555
4.12,61.8,3.49,2.81,nee,6,3,8,1,0,0.125,3.407
3.72,87.0,3.26,3.13,nee,6,3,8,1,0,0.125,3.346
4.76,76.7,4.58,3.97,academica_cursos,5,3,3,1,1,0.3333,4.39
4.46,39.5,3.26,3.4,academica_cursos,5,3,3,1,0,0.3333,3.676
4.47,63.1,3.03,3.16,academica_cursos,5,3,3,1,0,0.3333,3.514
4.1,44.0,4.57,4.67,academica_cursos,3,3,6,4,1,0.6667,4.469
4.92,59.2,4.56,3.78,academica_cursos,3,3,6,4,1,0.6667,4.356
4.67,37.9,4.49,3.69,academica_cursos,3,3,6,4,1,0.6667,4.224
4.7,83.4,4.04,3.65,academica_cursos,3,3,6,4,1,0.6667,4.082
4.7,90.5,3.22,3.76,academica_cursos,3,3,6,4,0,0.6667,3.88
3.54,63.5,4.89,2.61,academica_cursos,3,3,6,4,0,0.6667,3.573
4.24,86.8,4.17,4.28,nee,4,3,10,1,1,0.1,4.235
4.13,40.5,3.86,4.48,nee,4,3,10,1,0,0.1,4.189
3.55,86.9,3.89,4.75,nee,4,3,10,1,0,0.1,4.132
4.85,50.6,3.59,3.76,nee,4,3,10,1,0,0.1,4.036
4.26,66.1,3.76,3.99,nee,4,3,10,1,0,0.1,4.002
3.83,46.2,4.69,3.57,nee,4,3,10,1,0,0.1,3.984
3.96,86.3,3.22,4.28,nee,4,3,10,1,0,0.1,3.866
4.13,76.4,3.25,4.06,nee,4,3,10,1,0,0.1,3.838
3.9,32.3,3.23,4.14,nee,4,3,10,1,0,0.1,3.795
4.24,86.8,3.64,2.87,nee,4,3,10,1,0,0.1,3.512
4.88,95.0,4.62,3.89,administrativa,4,4,9,2,1,0.2222,4.406
4.23,36.0,3.85,4.16,administrativa,4,4,9,2,1,0.2222,4.088
4.7,74.2,3.68,3.63,administrativa,4,4,9,2,0,0.2222,3.966
4.18,73.2,3.19,4.35,administrativa,4,4,9,2,0,0.2222,3.951
4.53,57.3,4.85,2.67,administrativa,4,4,9,2,0,0.2222,3.882
4.69,32.4,3.75,2.88,administrativa,4,4,9,2,0,0.2222,3.684
4.39,63.2,3.83,2.74,administrativa,4,4,9,2,0,0.2222,3.562
3.85,71.2,3.9,3.07,administrativa,4,4,9,2,0,0.2222,3.553
3.54,63.5,4.66,2.73,administrativa,4,4,9,2,0,0.2222,3.552
4.33,92.1,4.88,3.56,acreditacion,4,3,5,3,1,0.6,4.187
3.87,61.3,3.82,4.68,acreditacion,4,3,5,3,1,0.6,4.179
4.95,52.1,4.83,2.63,acreditacion,4,3,5,3,1,0.6,3.986
3.81,48.3,3.21,3.77,acreditacion,4,3,5,3,0,0.6,3.614
3.55,73.5,3.58,3.28,acreditacion,4,3,5,3,0,0.6,3.451
4.63,83.0,4.53,4.05,academica_cursos,5,4,8,4,1,0.5,4.368
4.56,89.9,4.22,4.14,academica_cursos,5,4,8,4,1,0.5,4.29
4.89,94.6,4.69,3.38,academica_cursos,5,4,8,4,1,0.5,4.226
4.23,63.3,4.35,3.89,academica_cursos,5,4,8,4,1,0.5,4.13
3.76,82.5,3.86,3.9,academica_cursos,5,4,8,4,0,0.5,3.846
4.88,95.0,4.11,2.79,academica_cursos,5,4,8,4,0,0.5,3.813
4.35,56.9,4.39,2.57,academica_cursos,5,4,8,4,0,0.5,3.65
4.48,45.9,3.56,3.07,academica_cursos,5,4,8,4,0,0.5,3.64
3.74,86.9,4.88,3.99,tic,4,4,9,3,1,0.3333,4.182
4.53,57.3,3.14,4.35,tic,4,4,9,3,1,0.3333,4.041
4.08,56.6,3.29,4.14,tic,4,4,9,3,1,0.3333,3.867
4.16,57.6,4.06,3.44,tic,4,4,9,3,0,0.3333,3.842
3.97,94.9,4.77,2.89,tic,4,4,9,3,0,0.3333,3.778
4.4,42.2,3.62,3.31,tic,4,4,9,3,0,0.3333,3.73
3.52,62.8,4.94,2.73,tic,4,4,9,3,0,0.3333,3.63
3.89,68.2,3.91,2.89,tic,4,4,9,3,0,0.3333,3.496
3.55,86.9,3.7,2.95,tic,4,4,9,3,0,0.3333,3.355
4.66,93.0,3.55,4.39,administrativa,6,3,4,1,1,0.25,4.219
4.91,32.6,3.97,3.61,administrativa,6,3,4,1,0,0.25,4.108
3.85,51.1,3.54,4.15,administrativa,6,3,4,1,0,0.25,3.877
4.4,52.8,3.23,3.57,administrativa,6,3,4,1,0,0.25,3.717
4.75,74.4,4.0,4.58,tic,4,4,9,4,1,0.4444,4.457
4.98,87.6,3.76,4.26,tic,4,4,9,4,1,0.4444,4.326
4.54,35.4,4.61,2.68,tic,4,4,9,4,1,0.4444,3.817
4.08,38.5,4.49,2.94,tic,4,4,9,4,1,0.4444,3.747
4.59,59.5,4.2,2.52,tic,4,4,9,4,0,0.4444,3.645
4.18,32.9,3.27,3.14,tic,4,4,9,4,0,0.4444,3.491
3.77,79.7,3.6,3.03,tic,4,4,9,4,0,0.4444,3.423
3.57,41.5,3.09,3.49,tic,4,4,9,4,0,0.4444,3.394
3.76,82.5,3.66,2.52,tic,4,4,9,4,0,0.4444,3.234
3.83,48.6,4.66,4.8,academica,6,3,9,1,1,0.1111,4.467
4.7,83.4,4.72,3.94,academica,6,3,9,1,0,0.1111,4.402
4.99,65.2,3.18,4.61,academica,6,3,9,1,0,0.1111,4.295
3.9,32.3,4.6,4.05,academica,6,3,9,1,0,0.1111,4.17
5.0,94.7,3.49,3.97,academica,6,3,9,1,0,0.1111,4.135
3.85,72.0,4.15,4.27,academica,6,3,9,1,0,0.1111,4.108
4.03,50.2,3.04,4.8,academica,6,3,9,1,0,0.1111,4.041
4.14,49.5,3.84,2.79,academica,6,3,9,1,0,0.1111,3.51
4.18,73.2,3.04,3.31,academica,6,3,9,1,0,0.1111,3.49
4.58,69.8,4.92,4.11,biblioteca,5,3,9,1,1,0.1111,4.494
5.0,94.7,3.31,4.4,biblioteca,5,3,9,1,0,0.1111,4.253
3.56,33.5,4.74,4.36,biblioteca,5,3,9,1,0,0.1111,4.234
4.12,61.8,3.44,4.45,biblioteca,5,3,9,1,0,0.1111,4.048
4.73,30.9,3.15,4.08,biblioteca,5,3,9,1,0,0.1111,3.996
3.81,89.5,4.55,3.38,biblioteca,5,3,9,1,0,0.1111,3.86
4.41,61.5,4.06,2.98,biblioteca,5,3,9,1,0,0.1111,3.733
4.3,74.5,3.3,2.76,biblioteca,5,3,9,1,0,0.1111,3.384
3.72,87.0,3.51,2.93,biblioteca,5,3,9,1,0,0.1111,3.341
4.23,63.3,4.76,4.11,regimenes_especiales,4,3,10,2,1,0.2,4.341
4.7,80.7,4.16,4.2,regimenes_especiales,4,3,10,2,1,0.2,4.338
3.89,68.2,4.26,4.49,regimenes_especiales,4,3,10,2,0,0.2,4.241
4.58,31.8,4.94,3.29,regimenes_especiales,4,3,10,2,0,0.2,4.172
4.16,38.1,4.97,3.31,regimenes_especiales,4,3,10,2,0,0.2,4.063
4.59,58.9,3.88,3.67,regimenes_especiales,4,3,10,2,0,0.2,4.009
4.53,32.7,4.18,3.38,regimenes_especiales,4,3,10,2,0,0.2,3.965
4.02,39.9,3.93,3.91,regimenes_especiales,4,3,10,2,0,0.2,3.949
4.86,45.6,3.08,3.42,regimenes_especiales,4,3,10,2,0,0.2,3.75
3.98,34.8,3.15,3.65,regimenes_especiales,4,3,10,2,0,0.2,3.599
4.68,62.7,4.58,4.74,tic,4,3,4,1,1,0.25,4.674
4.16,38.1,3.9,4.52,tic,4,3,4,1,0,0.25,4.226
4.67,51.7,3.93,3.89,tic,4,3,4,1,0,0.25,4.136
3.8,48.9,4.23,3.77,tic,4,3,4,1,0,0.25,3.917
4.39,63.2,4.42,4.98,investigacion,7,3,8,2,1,0.25,4.635
4.99,53.3,3.73,4.79,investigacion,7,3,8,2,1,0.25,4.532
4.94,65.9,4.92,3.63,investigacion,7,3,8,2,0,0.25,4.41
3.56,84.8,4.62,4.59,investigacion,7,3,8,2,0,0.25,4.29
4.18,59.7,4.05,4.02,investigacion,7,3,8,2,0,0.25,4.077
4.21,73.3,4.21,3.75,investigacion,7,3,8,2,0,0.25,4.026
4.39,63.3,4.29,2.6,investigacion,7,3,8,2,0,0.25,3.644
3.52,56.1,4.96,2.71,investigacion,7,3,8,2,0,0.25,3.628
4.16,64.5,4.7,4.91,deportiva,4,3,10,4,1,0.4,4.622
4.88,95.0,4.31,4.16,deportiva,4,3,10,4,1,0.4,4.421
4.38,80.7,4.83,3.28,deportiva,4,3,10,4,1,0.4,4.075
3.99,67.4,3.26,4.27,deportiva,4,3,10,4,1,0.4,3.883
4.12,82.4,3.16,4.16,deportiva,4,3,10,4,0,0.4,3.848
3.72,74.4,3.66,3.89,deportiva,4,3,10,4,0,0.4,3.77
3.6,69.4,4.26,3.34,deportiva,4,3,10,4,0,0.4,3.694
4.23,61.7,4.21,2.88,deportiva,4,3,10,4,0,0.4,3.684
3.98,34.8,3.77,3.13,deportiva,4,3,10,4,0,0.4,3.577
3.91,77.4,4.36,2.63,deportiva,4,3,10,4,0,0.4,3.533
4.54,58.3,4.63,4.18,regimenes_especiales,5,4,12,3,1,0.25,4.423
4.86,52.5,4.9,3.72,regimenes_especiales,5,4,12,3,1,0.25,4.416
3.57,41.5,4.67,4.71,regimenes_especiales,5,4,12,3,1,0.25,4.356
3.87,88.9,4.66,4.35,regimenes_especiales,5,4,12,3,0,0.25,4.299
4.98,87.6,3.15,4.61,regimenes_especiales,5,4,12,3,0,0.25,4.283
4.99,65.2,3.2,4.43,regimenes_especiales,5,4,12,3,0,0.25,4.229
4.38,75.5,4.37,3.82,regimenes_especiales,5,4,12,3,0,0.25,4.153
4.68,62.7,4.29,3.56,regimenes_especiales,5,4,12,3,0,0.25,4.115
3.87,88.9,3.75,4.48,regimenes_especiales,5,4,12,3,0,0.25,4.078
4.34,67.5,3.72,3.41,regimenes_especiales,5,4,12,3,0,0.25,3.782
4.88,82.7,3.36,3.04,regimenes_especiales,5,4,12,3,0,0.25,3.688
4.45,55.1,3.45,2.84,regimenes_especiales,5,4,12,3,0,0.25,3.506
4.09,62.8,4.25,4.76,nee,4,3,6,3,1,0.5,4.406
4.23,63.3,4.94,4.03,nee,4,3,6,3,1,0.5,4.363
4.7,90.5,3.36,4.23,nee,4,3,6,3,1,0.5,4.11
3.55,59.6,3.73,4.3,nee,4,3,6,3,0,0.5,3.904
4.45,85.2,4.19,2.89,nee,4,3,6,3,0,0.5,3.748
3.68,76.7,4.44,2.61,nee,4,3,6,3,0,0.5,3.48
4.91,32.6,4.89,4.96,administrativa,5,3,8,4,1,0.5,4.924
3.54,89.4,4.93,4.54,administrativa,5,3,8,4,1,0.5,4.357
4.68,47.7,4.62,3.67,administrativa,5,3,8,4,1,0.5,4.258
4.25,75.2,4.67,3.42,administrativa,5,3,8,4,1,0.5,4.044
4.65,31.1,4.6,2.85,administrativa,5,3,8,4,0,0.5,3.915
4.12,61.8,4.07,3.27,administrativa,5,3,8,4,0,0.5,3.765
3.6,54.0,3.76,3.82,administrativa,5,3,8,4,0,0.5,3.736
3.96,86.3,3.92,3.2,administrativa,5,3,8,4,0,0.5,3.644
3.65,35.9,3.87,4.87,tic,6,2,10,1,1,0.1,4.204
3.81,48.3,4.75,3.89,tic,6,2,10,1,0,0.1,4.124
3.6,54.0,3.47,4.99,tic,6,2,10,1,0,0.1,4.117
3.64,37.4,3.21,4.61,tic,6,2,10,1,0,0.1,3.899
4.65,59.1,3.44,3.63,tic,6,2,10,1,0,0.1,3.879
3.72,74.4,4.7,3.21,tic,6,2,10,1,0,0.1,3.81
4.53,71.4,3.11,3.76,tic,6,2,10,1,0,0.1,3.796
3.85,71.2,4.53,3.18,tic,6,2,10,1,0,0.1,3.786
3.93,58.9,4.81,2.87,tic,6,2,10,1,0,0.1,3.77
4.09,32.4,3.7,2.57,tic,6,2,10,1,0,0.1,3.365
4.25,82.5,4.43,3.34,permanencia_graduacion,6,3,3,2,1,0.6667,3.94
4.76,56.4,3.29,2.6,permanencia_graduacion,6,3,3,2,1,0.6667,3.455
3.71,71.6,3.64,2.75,permanencia_graduacion,6,3,3,2,0,0.6667,3.305
4.05,58.4,4.67,3.87,cultural,4,3,10,2,1,0.2,4.164
3.74,30.7,4.81,3.99,cultural,4,3,10,2,1,0.2,4.161
3.96,86.3,3.84,4.48,cultural,4,3,10,2,0,0.2,4.132
3.68,65.4,4.45,3.82,cultural,4,3,10,2,0,0.2,3.967
4.38,80.7,3.03,3.79,cultural,4,3,10,2,0,0.2,3.739
4.95,52.1,3.9,2.51,cultural,4,3,10,2,0,0.2,3.659
4.24,86.8,3.91,2.78,cultural,4,3,10,2,0,0.2,3.557
4.25,33.5,3.22,3.22,cultural,4,3,10,2,0,0.2,3.529
4.16,57.6,3.16,3.14,cultural,4,3,10,2,0,0.2,3.452
3.91,77.4,3.6,2.62,cultural,4,3,10,2,0,0.2,3.301
3.72,87.0,4.98,3.89,laboratorios,5,3,7,2,1,0.2857,4.166
4.76,62.3,4.05,3.77,laboratorios,5,3,7,2,1,0.2857,4.151
5.0,94.7,3.78,3.68,laboratorios,5,3,7,2,0,0.2857,4.106
4.92,88.7,4.95,2.67,laboratorios,5,3,7,2,0,0.2857,4.029
3.55,73.5,3.86,4.04,laboratorios,5,3,7,2,0,0.2857,3.839
4.21,36.0,3.48,3.54,laboratorios,5,3,7,2,0,0.2857,3.723
4.46,39.5,4.33,2.71,laboratorios,5,3,7,2,0,0.2857,3.721
4.99,65.2,4.54,4.34,investigacion,4,3,10,4,1,0.4,4.595
4.48,45.9,4.09,4.53,investigacion,4,3,10,4,1,0.4,4.383
3.96,64.0,4.26,4.53,investigacion,4,3,10,4,1,0.4,4.278
4.99,53.3,3.13,4.44,investigacion,4,3,10,4,1,0.4,4.212
4.62,79.9,3.35,4.45,investigacion,4,3,10,4,0,0.4,4.171
3.98,83.9,4.47,4.07,investigacion,4,3,10,4,0,0.4,4.163
4.08,38.5,3.93,4.24,investigacion,4,3,10,4,0,0.4,4.099
4.35,56.9,4.58,3.36,investigacion,4,3,10,4,0,0.4,4.023
3.74,86.9,3.67,2.61,investigacion,4,3,10,4,0,0.4,3.267
3.65,35.9,3.51,2.54,investigacion,4,3,10,4,0,0.4,3.164
4.22,88.5,3.57,4.66,cultural,4,3,7,1,1,0.1429,4.201
4.7,83.4,4.77,3.29,cultural,4,3,7,1,0,0.1429,4.157
4.4,42.2,3.4,4.48,cultural,4,3,7,1,0,0.1429,4.132
3.83,48.6,4.63,3.68,cultural,4,3,7,1,0,0.1429,4.01
4.99,65.2,3.62,3.5,cultural,4,3,7,1,0,0.1429,3.983
3.66,61.9,3.1,4.14,cultural,4,3,7,1,0,0.1429,3.684
3.67,92.4,3.07,4.12,cultural,4,3,7,1,0,0.1429,3.67
4.68,58.8,3.88,4.89,tic,4,4,8,1,1,0.125,4.524
4.56,87.3,3.86,4.99,tic,4,4,8,1,0,0.125,4.522
4.09,41.0,4.38,3.42,tic,4,4,8,1,0,0.125,3.909
3.84,74.8,4.59,3.17,tic,4,4,8,1,0,0.125,3.797
3.85,92.6,3.87,3.5,tic,4,4,8,1,0,0.125,3.716
3.73,75.3,3.17,3.56,tic,4,4,8,1,0,0.125,3.494
3.74,86.9,3.68,2.97,tic,4,4,8,1,0,0.125,3.414
3.55,86.9,3.36,3.23,tic,4,4,8,1,0,0.125,3.365
4.24,86.8,3.71,5.0,regimenes_especiales,5,4,8,1,1,0.125,4.385
4.99,55.0,3.08,4.68,regimenes_especiales,5,4,8,1,0,0.125,4.293
4.02,53.5,3.55,4.95,regimenes_especiales,5,4,8,1,0,0.125,4.251
4.93,83.2,4.32,3.27,regimenes_especiales,5,4,8,1,0,0.125,4.083
4.52,73.5,4.38,3.38,regimenes_especiales,5,4,8,1,0,0.125,4.022
4.13,76.4,4.21,3.57,regimenes_especiales,5,4,8,1,0,0.125,3.93
3.66,61.9,4.28,3.41,regimenes_especiales,5,4,8,1,0,0.125,3.746
3.73,77.4,4.9,2.69,regimenes_especiales,5,4,8,1,0,0.125,3.665
3.75,32.4,3.13,4.45,administrativa,4,3,3,2,1,0.6667,3.844
3.64,37.4,3.29,4.02,administrativa,4,3,3,2,1,0.6667,3.687
4.22,51.7,4.56,2.59,administrativa,4,3,3,2,0,0.6667,3.67
5.0,81.1,4.04,4.78,permanencia_graduacion,5,3,10,3,1,0.3,4.624
3.54,63.5,3.56,4.9,permanencia_graduacion,5,3,10,3,1,0.3,4.09
4.92,78.4,3.74,3.61,permanencia_graduacion,5,3,10,3,1,0.3,4.042
4.13,75.4,3.24,4.44,permanencia_graduacion,5,3,10,3,0,0.3,3.987
4.69,47.4,4.41,3.04,permanencia_graduacion,5,3,10,3,0,0.3,3.946
4.2,55.6,3.31,3.62,permanencia_graduacion,5,3,10,3,0,0.3,3.701
4.08,56.6,3.73,3.29,permanencia_graduacion,5,3,10,3,0,0.3,3.659
3.6,69.4,4.9,2.58,permanencia_graduacion,5,3,10,3,0,0.3,3.582
4.13,75.4,3.05,2.97,permanencia_graduacion,5,3,10,3,0,0.3,3.342
3.81,89.5,3.15,2.84,permanencia_graduacion,5,3,10,3,0,0.3,3.224
4.98,87.6,4.97,4.48,acreditacion,3,3,11,3,1,0.2727,4.777
4.68,83.0,4.62,4.92,acreditacion,3,3,11,3,1,0.2727,4.758
4.53,71.4,4.43,4.99,acreditacion,3,3,11,3,1,0.2727,4.684
4.92,78.4,4.97,4.17,acreditacion,3,3,11,3,0,0.2727,4.635
4.89,38.6,3.32,4.27,acreditacion,3,3,11,3,0,0.2727,4.171
4.25,33.5,4.42,3.87,acreditacion,3,3,11,3,0,0.2727,4.149
4.97,64.4,4.4,2.94,acreditacion,3,3,11,3,0,0.2727,3.987
5.0,39.7,3.72,3.06,acreditacion,3,3,11,3,0,0.2727,3.84
4.23,61.7,3.58,3.25,acreditacion,3,3,11,3,0,0.2727,3.643
4.03,93.9,3.4,2.84,acreditacion,3,3,11,3,0,0.2727,3.365
3.84,74.8,3.15,2.93,acreditacion,3,3,11,3,0,0.2727,3.269
3.89,71.1,3.93,4.96,laboratorios,3,4,5,4,1,0.8,4.33
4.21,73.3,4.43,3.7,laboratorios,3,4,5,4,1,0.8,4.072
4.41,61.5,3.72,3.93,laboratorios,3,4,5,4,1,0.8,4.011
3.71,71.6,3.26,4.71,laboratorios,3,4,5,4,1,0.8,3.975
4.36,50.5,3.13,3.5,laboratorios,3,4,5,4,0,0.8,3.647
4.86,52.5,4.18,4.42,deportiva,3,3,6,4,1,0.6667,4.48
4.94,57.0,4.66,3.88,deportiva,3,3,6,4,1,0.6667,4.432
4.63,91.0,3.15,3.66,deportiva,3,3,6,4,1,0.6667,3.798
4.22,69.5,4.03,2.82,deportiva,3,3,6,4,1,0.6667,3.603
3.63,91.1,3.26,3.76,deportiva,3,3,6,4,0,0.6667,3.571
4.16,38.1,3.25,3.29,deportiva,3,3,6,4,0,0.6667,3.539
3.8,53.5,4.79,4.61,nee,6,2,11,1,1,0.0909,4.421
4.37,46.9,4.21,4.61,nee,6,2,11,1,0,0.0909,4.418
4.18,59.7,3.69,4.85,nee,6,2,11,1,0,0.0909,4.301
4.08,56.6,4.32,4.3,nee,6,2,11,1,0,0.0909,4.24
4.46,39.5,3.65,4.27,nee,6,2,11,1,0,0.0909,4.141
4.85,67.6,4.88,2.89,nee,6,2,11,1,0,0.0909,4.075
4.38,80.7,3.5,4.09,nee,6,2,11,1,0,0.0909,4.0
4.16,57.6,3.61,3.83,nee,6,2,11,1,0,0.0909,3.863
4.85,50.6,4.1,2.81,nee,6,2,11,1,0,0.0909,3.809
4.09,41.0,4.01,2.92,nee,6,2,11,1,0,0.0909,3.598
4.51,83.4,3.31,2.91,nee,6,2,11,1,0,0.0909,3.51
4.53,32.7,3.16,4.87,acreditacion,5,3,3,1,1,0.3333,4.255
4.67,51.7,4.54,3.16,acreditacion,5,3,3,1,0,0.3333,4.027
4.14,43.6,3.42,3.93,acreditacion,5,3,3,1,0,0.3333,3.84
4.37,58.4,4.78,3.86,acreditacion,4,3,10,1,1,0.1,4.289
4.41,55.8,4.98,3.36,acreditacion,4,3,10,1,0,0.1,4.161
4.65,59.1,4.72,3.3,acreditacion,4,3,10,1,0,0.1,4.131
3.81,48.8,3.8,4.4,acreditacion,4,3,10,1,0,0.1,4.043
3.85,72.0,3.49,4.52,acreditacion,4,3,10,1,0,0.1,4.01
4.59,58.9,4.28,3.26,acreditacion,4,3,10,1,0,0.1,3.965
4.35,90.5,3.81,3.63,acreditacion,4,3,10,1,0,0.1,3.9
3.81,48.8,3.83,3.66,acreditacion,4,3,10,1,0,0.1,3.756
4.26,66.1,4.38,2.9,acreditacion,4,3,10,1,0,0.1,3.752
4.67,51.7,3.68,2.86,acreditacion,4,3,10,1,0,0.1,3.649
4.12,36.3,4.93,4.76,biblioteca,6,2,8,1,1,0.125,4.619
3.85,51.1,4.63,4.83,biblioteca,6,2,8,1,0,0.125,4.476
3.67,92.4,3.32,4.99,biblioteca,6,2,8,1,0,0.125,4.093
3.86,73.6,4.73,3.55,biblioteca,6,2,8,1,0,0.125,3.997
3.66,61.9,3.1,4.86,biblioteca,6,2,8,1,0,0.125,3.972
4.54,58.3,4.44,2.97,biblioteca,6,2,8,1,0,0.125,3.882
3.87,61.3,3.9,2.85,biblioteca,6,2,8,1,0,0.125,3.471
3.96,69.1,3.48,2.81,biblioteca,6,2,8,1,0,0.125,3.356
3.67,92.4,4.2,4.61,cultural,5,3,9,4,1,0.4444,4.205
4.13,75.4,4.35,3.21,cultural,5,3,9,4,1,0.4444,3.828
3.96,69.1,3.48,3.96,cultural,5,3,9,4,1,0.4444,3.816
4.29,53.3,3.73,3.51,cultural,5,3,9,4,1,0.4444,3.81
3.59,72.1,3.79,3.64,cultural,5,3,9,4,0,0.4444,3.67
4.45,53.6,3.99,2.73,cultural,5,3,9,4,0,0.4444,3.624
4.38,75.5,3.1,3.2,cultural,5,3,9,4,0,0.4444,3.524
4.18,82.9,3.27,3.16,cultural,5,3,9,4,0,0.4444,3.499
4.41,61.5,3.02,2.77,cultural,5,3,9,4,0,0.4444,3.337
4.35,56.9,4.01,4.41,nee,4,3,5,4,1,0.8,4.272
3.57,66.5,3.56,4.97,nee,4,3,5,4,1,0.8,4.127
4.39,63.2,4.36,2.8,nee,4,3,5,4,1,0.8,3.745
3.97,57.7,4.11,2.68,nee,4,3,5,4,1,0.8,3.496
3.52,56.1,4.14,2.99,nee,4,3,5,4,0,0.8,3.494
4.53,56.8,4.88,4.39,regimenes_especiales,5,4,10,4,1,0.4,4.579
4.63,83.0,3.33,4.98,regimenes_especiales,5,4,10,4,1,0.4,4.38
4.69,32.4,4.21,3.79,regimenes_especiales,5,4,10,4,1,0.4,4.186
4.8,94.8,4.48,3.25,regimenes_especiales,5,4,10,4,1,0.4,4.084
4.53,57.3,3.95,3.64,regimenes_especiales,5,4,10,4,0,0.4,4.0
4.84,58.5,3.4,3.77,regimenes_especiales,5,4,10,4,0,0.4,3.98
3.83,46.2,4.59,3.35,regimenes_especiales,5,4,10,4,0,0.4,3.866
3.64,67.2,3.66,4.03,regimenes_especiales,5,4,10,4,0,0.4,3.802
4.09,62.8,4.0,2.61,regimenes_especiales,5,4,10,4,0,0.4,3.471
3.57,59.3,3.27,3.33,regimenes_especiales,5,4,10,4,0,0.4,3.384
4.07,65.2,4.8,4.68,permanencia_graduacion,6,3,9,4,1,0.4444,4.533
4.84,58.5,4.26,3.99,permanencia_graduacion,6,3,9,4,1,0.4444,4.326
5.0,39.7,3.96,3.81,permanencia_graduacion,6,3,9,4,1,0.4444,4.212
3.73,75.3,4.94,3.95,permanencia_graduacion,6,3,9,4,1,0.4444,4.181
4.7,30.7,3.53,4.14,permanencia_graduacion,6,3,9,4,0,0.4444,4.125
4.68,83.0,3.83,3.27,permanencia_graduacion,6,3,9,4,0,0.4444,3.861
4.67,37.9,3.46,2.63,permanencia_graduacion,6,3,9,4,0,0.4444,3.491
3.9,87.8,3.66,2.77,permanencia_graduacion,6,3,9,4,0,0.4444,3.376
3.85,39.3,3.95,2.54,permanencia_graduacion,6,3,9,4,0,0.4444,3.356
4.26,48.6,4.7,4.32,academica,5,4,7,4,1,0.5714,4.416
4.67,51.7,4.15,4.25,academica,5,4,7,4,1,0.5714,4.346
4.17,94.0,4.22,3.68,academica,5,4,7,4,1,0.5714,3.989
4.41,61.5,3.84,3.53,academica,5,4,7,4,1,0.5714,3.887
4.09,32.3,4.64,3.11,academica,5,4,7,4,0,0.5714,3.863
4.45,53.6,3.38,3.6,academica,5,4,7,4,0,0.5714,3.789
4.07,33.3,3.41,3.75,academica,5,4,7,4,0,0.5714,3.744
4.53,57.3,4.44,4.11,academica,6,3,11,2,1,0.1818,4.335
4.58,31.8,3.71,4.43,academica,6,3,11,2,1,0.1818,4.259
4.13,75.4,4.39,4.03,academica,6,3,11,2,0,0.1818,4.168
4.47,30.7,4.32,3.81,academica,6,3,11,2,0,0.1818,4.161
4.35,56.9,4.82,3.36,academica,6,3,11,2,0,0.1818,4.095
4.24,86.8,4.95,3.24,academica,6,3,11,2,0,0.1818,4.053
4.61,76.0,4.12,3.06,academica,6,3,11,2,0,0.1818,3.843
4.18,82.9,3.58,3.02,academica,6,3,11,2,0,0.1818,3.536
3.66,61.9,3.41,3.31,academica,6,3,11,2,0,0.1818,3.445
3.86,93.1,3.63,2.93,academica,6,3,11,2,0,0.1818,3.419
3.54,89.4,3.38,3.12,academica,6,3,11,2,0,0.1818,3.324
5.0,39.7,4.31,4.37,academica,4,3,10,4,1,0.4,4.541
3.83,46.2,4.87,4.3,academica,4,3,10,4,1,0.4,4.33
3.68,65.4,4.09,4.74,academica,4,3,10,4,1,0.4,4.227
4.53,71.4,3.43,4.57,academica,4,3,10,4,1,0.4,4.216
4.35,56.9,3.08,4.89,academica,4,3,10,4,0,0.4,4.185
4.57,62.6,3.96,3.9,academica,4,3,10,4,0,0.4,4.119
4.7,74.2,3.58,3.93,academica,4,3,10,4,0,0.4,4.056
3.59,72.1,3.16,4.81,academica,4,3,10,4,0,0.4,3.949
4.02,30.3,4.55,2.87,academica,4,3,10,4,0,0.4,3.719
3.74,30.7,3.79,3.36,academica,4,3,10,4,0,0.4,3.603
4.22,69.5,3.22,4.35,tic,5,4,6,3,1,0.5,3.972
4.58,52.4,3.66,3.68,tic,5,4,6,3,1,0.5,3.944
4.09,32.3,4.81,3.06,tic,5,4,6,3,1,0.5,3.894
4.03,93.9,4.36,2.84,tic,5,4,6,3,0,0.5,3.653
4.86,45.6,3.47,2.75,tic,5,4,6,3,0,0.5,3.599
4.67,37.9,3.48,2.63,tic,5,4,6,3,0,0.5,3.497
4.13,40.5,4.68,4.83,biblioteca,4,3,9,2,1,0.2222,4.575
4.37,58.4,4.31,4.7,biblioteca,4,3,9,2,1,0.2222,4.484
4.53,57.3,3.95,4.13,biblioteca,4,3,9,2,0,0.2222,4.196
4.41,54.3,4.84,3.54,biblioteca,4,3,9,2,0,0.2222,4.191
3.75,32.4,4.54,4.13,biblioteca,4,3,9,2,0,0.2222,4.139
3.97,57.7,3.46,4.35,biblioteca,4,3,9,2,0,0.2222,3.969
4.92,59.2,4.7,2.59,biblioteca,4,3,9,2,0,0.2222,3.922
4.12,82.4,4.51,3.22,biblioteca,4,3,9,2,0,0.2222,3.877
4.35,67.0,3.57,2.65,biblioteca,4,3,9,2,0,0.2222,3.436
3.72,44.7,4.21,4.82,nee,4,4,12,4,1,0.3333,4.307
3.59,72.1,4.46,4.12,nee,4,4,12,4,1,0.3333,4.063
4.34,67.5,4.62,3.33,nee,4,4,12,4,1,0.3333,4.02
3.98,83.9,4.28,3.81,nee,4,4,12,4,1,0.3333,4.002
4.14,49.5,3.37,4.37,nee,4,4,12,4,0,0.3333,4.001
4.05,58.4,4.74,3.22,nee,4,4,12,4,0,0.3333,3.925
4.69,32.4,4.01,3.18,nee,4,4,12,4,0,0.3333,3.882
4.16,57.6,3.67,3.64,nee,4,4,12,4,0,0.3333,3.805
3.75,32.4,4.78,2.84,nee,4,4,12,4,0,0.3333,3.695
4.31,93.3,4.44,2.54,nee,4,4,12,4,0,0.3333,3.641
3.84,92.7,3.67,3.24,nee,4,4,12,4,0,0.3333,3.549
3.87,88.9,3.07,3.25,nee,4,4,12,4,0,0.3333,3.382
4.52,76.0,3.95,4.84,investigacion,4,4,5,2,1,0.4,4.477
4.46,39.5,3.19,4.95,investigacion,4,4,5,2,1,0.4,4.275
4.16,64.5,4.22,4.1,investigacion,4,4,5,2,0,0.4,4.154
4.89,38.6,3.81,3.57,investigacion,4,4,5,2,0,0.4,4.038
4.4,42.2,3.66,3.5,investigacion,4,4,5,2,0,0.4,3.818
4.92,78.4,4.31,4.23,nee,4,3,10,3,1,0.3,4.461
3.95,50.2,4.01,4.74,nee,4,3,10,3,1,0.3,4.284
4.98,36.0,4.91,3.25,nee,4,3,10,3,1,0.3,4.267
4.19,71.3,3.23,4.79,nee,4,3,10,3,0,0.3,4.142
4.74,73.2,3.59,4.04,nee,4,3,10,3,0,0.3,4.115
4.56,89.9,4.41,3.28,nee,4,3,10,3,0,0.3,4.003
3.98,83.9,3.47,4.38,nee,4,3,10,3,0,0.3,3.987
4.94,57.0,3.61,3.51,nee,4,3,10,3,0,0.3,3.969
4.3,35.5,4.45,2.53,nee,4,3,10,3,0,0.3,3.637
4.09,62.8,3.12,2.8,nee,4,3,10,3,0,0.3,3.283
4.38,68.8,4.51,4.68,laboratorios,4,3,10,2,1,0.2,4.539
4.91,32.6,3.31,4.37,laboratorios,4,3,10,2,1,0.2,4.214
4.38,80.7,4.08,4.16,laboratorios,4,3,10,2,0,0.2,4.202
4.92,59.2,4.1,3.68,laboratorios,4,3,10,2,0,0.2,4.178
4.18,35.5,4.1,3.76,laboratorios,4,3,10,2,0,0.2,3.988
3.83,48.6,4.21,3.54,laboratorios,4,3,10,2,0,0.2,3.828
4.26,33.0,4.41,2.7,laboratorios,4,3,10,2,0,0.2,3.681
4.14,49.5,3.16,3.62,laboratorios,4,3,10,2,0,0.2,3.638
4.32,67.2,3.44,3.12,laboratorios,4,3,10,2,0,0.2,3.576
3.84,33.3,4.13,2.65,laboratorios,4,3,10,2,0,0.2,3.451
4.92,83.1,3.91,3.78,acreditacion,1,4,5,2,1,0.4,4.161
3.56,33.5,4.02,4.52,acreditacion,1,4,5,2,1,0.4,4.082
4.75,67.6,3.66,3.8,acreditacion,1,4,5,2,0,0.4,4.043
4.88,82.7,4.17,2.73,acreditacion,1,4,5,2,0,0.4,3.807
3.8,53.5,3.23,3.01,acreditacion,1,4,5,2,0,0.4,3.313
4.58,56.6,4.99,4.84,cultural,6,3,11,1,1,0.0909,4.807
4.92,59.2,3.84,4.98,cultural,6,3,11,1,0,0.0909,4.62
4.84,58.5,4.54,4.41,cultural,6,3,11,1,0,0.0909,4.578
4.53,42.8,4.63,4.36,cultural,6,3,11,1,0,0.0909,4.492
3.76,39.0,4.96,4.11,cultural,6,3,11,1,0,0.0909,4.26
4.18,35.5,3.92,4.52,cultural,6,3,11,1,0,0.0909,4.238
4.25,75.2,3.14,4.83,cultural,6,3,11,1,0,0.0909,4.149
4.62,48.7,4.45,3.49,cultural,6,3,11,1,0,0.0909,4.117
4.35,67.0,3.06,3.52,cultural,6,3,11,1,0,0.0909,3.631
4.18,35.5,4.16,2.61,cultural,6,3,11,1,0,0.0909,3.546
3.68,76.7,3.69,2.66,cultural,6,3,11,1,0,0.0909,3.275
4.95,30.7,4.06,4.56,deportiva,6,2,11,4,1,0.3636,4.527
4.63,35.9,4.06,4.32,deportiva,6,2,11,4,1,0.3636,4.335
4.21,36.0,3.55,4.84,deportiva,6,2,11,4,1,0.3636,4.264
4.63,83.0,3.75,4.21,deportiva,6,2,11,4,1,0.3636,4.198
4.98,36.0,3.36,3.84,deportiva,6,2,11,4,0,0.3636,4.038
3.77,79.7,4.35,3.86,deportiva,6,2,11,4,0,0.3636,3.98
3.81,48.8,4.32,3.85,deportiva,6,2,11,4,0,0.3636,3.979
3.84,92.7,4.31,3.37,deportiva,6,2,11,4,0,0.3636,3.793
4.9,43.7,3.45,2.51,deportiva,6,2,11,4,0,0.3636,3.509
3.51,53.7,3.5,3.37,deportiva,6,2,11,4,0,0.3636,3.451
3.54,63.5,3.05,3.25,deportiva,6,2,11,4,0,0.3636,3.277
4.09,32.3,4.53,4.71,academica,3,4,3,1,1,0.3333,4.47
3.61,83.1,4.62,3.55,academica,3,4,3,1,0,0.3333,3.889
4.53,32.7,3.03,3.02,academica,3,4,3,1,0,0.3333,3.476
4.35,90.5,4.2,4.26,regimenes_especiales,4,3,10,1,1,0.1,4.269
4.02,30.3,3.58,4.54,regimenes_especiales,4,3,10,1,0,0.1,4.096
3.67,47.4,4.2,4.18,regimenes_especiales,4,3,10,1,0,0.1,4.033
4.39,63.2,3.1,4.35,regimenes_especiales,4,3,10,1,0,0.1,3.987
4.45,85.2,3.29,4.15,regimenes_especiales,4,3,10,1,0,0.1,3.982
3.6,69.4,3.43,4.66,regimenes_especiales,4,3,10,1,0,0.1,3.973
3.84,92.7,4.46,3.3,regimenes_especiales,4,3,10,1,0,0.1,3.81
4.31,93.3,3.64,3.25,regimenes_especiales,4,3,10,1,0,0.1,3.685
4.03,50.2,3.11,3.76,regimenes_especiales,4,3,10,1,0,0.1,3.646
3.55,73.5,3.8,3.09,regimenes_especiales,4,3,10,1,0,0.1,3.441
4.37,58.4,4.18,4.34,laboratorios,1,4,9,4,1,0.4444,4.301
4.51,83.4,4.39,3.52,laboratorios,1,4,9,4,1,0.4444,4.078
4.47,63.1,3.35,4.2,laboratorios,1,4,9,4,1,0.4444,4.026
4.24,86.8,3.69,4.11,laboratorios,1,4,9,4,1,0.4444,4.023
4.05,61.8,3.55,3.89,laboratorios,1,4,9,4,0,0.4444,3.836
3.81,48.8,3.76,3.81,laboratorios,1,4,9,4,0,0.4444,3.795
4.16,64.5,4.08,3.1,laboratorios,1,4,9,4,0,0.4444,3.712
4.76,76.7,3.6,2.96,laboratorios,1,4,9,4,0,0.4444,3.692
3.84,92.7,4.11,2.62,laboratorios,1,4,9,4,0,0.4444,3.433
4.52,72.0,4.61,4.79,laboratorios,4,4,6,3,1,0.5,4.655
3.99,62.6,4.29,4.81,laboratorios,4,4,6,3,1,0.5,4.408
3.76,82.5,4.12,4.92,laboratorios,4,4,6,3,1,0.5,4.332
4.35,90.5,4.69,2.73,laboratorios,4,4,6,3,0,0.5,3.804
4.69,47.4,4.11,2.84,laboratorios,4,4,6,3,0,0.5,3.776
4.59,59.5,3.49,3.01,laboratorios,4,4,6,3,0,0.5,3.628
4.76,56.4,4.21,4.68,academica,4,3,3,2,1,0.6667,4.563
4.53,71.4,3.38,4.4,academica,4,3,3,2,1,0.6667,4.133
3.71,30.2,3.54,4.18,academica,4,3,3,2,0,0.6667,3.847
4.85,50.6,4.51,4.79,academica,5,3,10,2,1,0.2,4.724
4.53,57.3,4.48,4.37,academica,5,3,10,2,1,0.2,4.451
4.67,37.9,3.42,4.77,academica,5,3,10,2,0,0.2,4.335
3.84,33.3,4.39,4.26,academica,5,3,10,2,0,0.2,4.173
4.13,40.5,3.93,4.12,academica,5,3,10,2,0,0.2,4.066
3.56,84.8,3.61,4.77,academica,5,3,10,2,0,0.2,4.059
4.38,75.5,3.64,3.21,academica,5,3,10,2,0,0.2,3.69
3.68,76.7,3.62,3.4,academica,5,3,10,2,0,0.2,3.55
3.56,56.3,3.79,3.1,academica,5,3,10,2,0,0.2,3.445
3.71,30.2,3.42,2.98,academica,5,3,10,2,0,0.2,3.331
3.72,74.4,4.61,4.31,cultural,2,4,6,4,1,0.6667,4.223
4.45,85.2,3.09,4.66,cultural,2,4,6,4,1,0.6667,4.126
4.35,90.5,4.11,3.96,cultural,2,4,6,4,1,0.6667,4.122
3.75,32.4,4.52,3.3,cultural,2,4,6,4,1,0.6667,3.801
3.64,46.0,4.48,2.54,cultural,2,4,6,4,0,0.6667,3.452
3.68,76.7,3.41,3.28,cultural,2,4,6,4,0,0.6667,3.439
3.83,48.6,4.64,4.92,academica,5,3,9,4,1,0.4444,4.509
4.78,84.0,3.76,4.58,academica,5,3,9,4,1,0.4444,4.394
4.76,56.4,4.0,4.14,academica,5,3,9,4,1,0.4444,4.284
3.84,92.7,3.98,4.79,academica,5,3,9,4,1,0.4444,4.262
4.85,67.6,4.28,3.73,academica,5,3,9,4,0,0.4444,4.231
4.18,82.9,3.34,4.49,academica,5,3,9,4,0,0.4444,4.052
4.23,63.3,3.34,4.3,academica,5,3,9,4,0,0.4444,3.991
4.7,84.7,4.37,3.14,academica,5,3,9,4,0,0.4444,3.977
4.17,94.0,3.3,3.32,academica,5,3,9,4,0,0.4444,3.569
4.59,58.9,4.89,4.17,biblioteca,3,4,11,1,1,0.0909,4.512
4.3,35.5,4.24,4.17,biblioteca,3,4,11,1,0,0.0909,4.23
4.86,45.6,3.07,4.62,biblioteca,3,4,11,1,0,0.0909,4.227
4.76,56.4,4.06,3.19,biblioteca,3,4,11,1,0,0.0909,3.922
4.21,36.0,4.69,3.08,biblioteca,3,4,11,1,0,0.0909,3.902
3.64,46.0,4.53,3.53,biblioteca,3,4,11,1,0,0.0909,3.863
3.66,61.9,4.23,3.71,biblioteca,3,4,11,1,0,0.0909,3.851
3.84,74.8,4.01,3.43,biblioteca,3,4,11,1,0,0.0909,3.727
4.76,62.3,4.1,2.53,biblioteca,3,4,11,1,0,0.0909,3.67
3.52,62.8,4.41,2.52,biblioteca,3,4,11,1,0,0.0909,3.387
3.89,68.2,3.98,2.52,biblioteca,3,4,11,1,0,0.0909,3.369
4.67,51.7,4.61,4.77,tic,6,4,11,1,1,0.0909,4.692
4.48,45.9,4.72,4.4,tic,6,4,11,1,0,0.0909,4.52
3.71,71.6,4.13,4.98,tic,6,4,11,1,0,0.0909,4.344
4.09,32.4,4.63,4.19,tic,6,4,11,1,0,0.0909,4.292
3.99,90.8,4.7,4.13,tic,6,4,11,1,0,0.0909,4.259
3.9,87.8,4.05,4.54,tic,6,4,11,1,0,0.0909,4.201
4.85,50.6,3.45,4.21,tic,6,4,11,1,0,0.0909,4.174
4.18,59.7,3.53,3.49,tic,6,4,11,1,0,0.0909,3.709
3.89,71.1,3.75,3.52,tic,6,4,11,1,0,0.0909,3.7
4.53,57.3,3.3,2.98,tic,6,4,11,1,0,0.0909,3.541
3.99,90.8,3.21,2.74,tic,6,4,11,1,0,0.0909,3.256
4.94,65.9,4.95,4.93,regimenes_especiales,6,3,11,4,1,0.3636,4.939
4.17,94.0,4.79,4.8,regimenes_especiales,6,3,11,4,1,0.3636,4.608
4.41,61.5,3.54,4.81,regimenes_especiales,6,3,11,4,1,0.3636,4.309
4.56,87.3,4.38,3.92,regimenes_especiales,6,3,11,4,1,0.3636,4.25
3.76,82.5,4.27,4.26,regimenes_especiales,6,3,11,4,0,0.3636,4.113
3.81,89.5,3.46,4.75,regimenes_especiales,6,3,11,4,0,0.3636,4.081
4.18,32.9,3.17,4.61,regimenes_especiales,6,3,11,4,0,0.3636,4.049
4.7,84.7,3.75,3.69,regimenes_especiales,6,3,11,4,0,0.3636,4.011
3.67,47.4,4.09,4.15,regimenes_especiales,6,3,11,4,0,0.3636,3.988
3.9,32.3,4.37,3.2,regimenes_especiales,6,3,11,4,0,0.3636,3.761
3.72,44.7,4.29,3.33,regimenes_especiales,6,3,11,4,0,0.3636,3.735
4.58,31.8,4.5,4.28,academica_cursos,4,4,4,3,1,0.75,4.436
4.54,58.3,4.92,3.97,academica_cursos,4,4,4,3,1,0.75,4.426
3.83,48.6,3.32,3.1,academica_cursos,4,4,4,3,1,0.75,3.385
3.55,86.9,3.8,2.69,academica_cursos,4,4,4,3,0,0.75,3.281
4.74,73.2,4.54,4.89,deportiva,4,3,10,3,1,0.3,4.74
4.69,47.4,4.98,4.31,deportiva,4,3,10,3,1,0.3,4.625
4.25,33.5,4.0,4.94,deportiva,4,3,10,3,1,0.3,4.451
4.24,86.8,4.99,3.73,deportiva,4,3,10,3,0,0.3,4.261
3.61,83.1,3.71,4.85,deportiva,4,3,10,3,0,0.3,4.136
3.64,78.1,3.79,4.43,deportiva,4,3,10,3,0,0.3,4.001
3.6,69.4,4.68,3.35,deportiva,4,3,10,3,0,0.3,3.824
4.13,76.4,4.51,2.85,deportiva,4,3,10,3,0,0.3,3.732
4.13,40.5,3.11,3.59,deportiva,4,3,10,3,0,0.3,3.608
3.83,48.6,3.06,3.18,deportiva,4,3,10,3,0,0.3,3.339
4.12,56.3,4.24,4.5,deportiva,4,3,12,2,1,0.1667,4.308
3.52,56.1,4.27,4.35,deportiva,4,3,12,2,1,0.1667,4.077
4.27,47.0,3.9,3.89,deportiva,4,3,12,2,0,0.1667,4.007
5.0,81.1,4.32,2.71,deportiva,4,3,12,2,0,0.1667,3.88
4.98,87.6,3.72,3.17,deportiva,4,3,12,2,0,0.1667,3.878
3.71,71.6,3.31,4.28,deportiva,4,3,12,2,0,0.1667,3.818
3.95,50.2,4.43,2.71,deportiva,4,3,12,2,0,0.1667,3.598
4.26,48.6,3.63,2.77,deportiva,4,3,12,2,0,0.1667,3.475
4.13,75.4,3.71,2.73,deportiva,4,3,12,2,0,0.1667,3.444
4.23,61.7,3.82,2.57,deportiva,4,3,12,2,0,0.1667,3.443
3.91,35.8,3.01,3.27,deportiva,4,3,12,2,0,0.1667,3.384
3.59,72.1,3.27,2.97,deportiva,4,3,12,2,0,0.1667,3.246
4.94,54.6,4.12,4.98,acreditacion,3,3,10,3,1,0.3,4.71
4.63,91.0,4.89,4.3,acreditacion,3,3,10,3,1,0.3,4.576
4.67,51.7,4.56,4.31,acreditacion,3,3,10,3,1,0.3,4.493
4.21,73.3,4.57,3.4,acreditacion,3,3,10,3,0,0.3,3.994
4.63,91.0,3.49,3.8,acreditacion,3,3,10,3,0,0.3,3.956
4.68,62.7,4.37,2.92,acreditacion,3,3,10,3,0,0.3,3.883
4.97,64.4,3.55,3.25,acreditacion,3,3,10,3,0,0.3,3.856
4.23,64.9,3.02,3.53,acreditacion,3,3,10,3,0,0.3,3.587
3.74,30.7,3.54,3.17,acreditacion,3,3,10,3,0,0.3,3.452
3.6,59.3,3.29,2.92,acreditacion,3,3,10,3,0,0.3,3.235
4.39,63.3,4.93,4.92,cultural,5,4,10,2,1,0.2,4.764
4.07,86.8,4.63,4.65,cultural,5,4,10,2,1,0.2,4.47
4.63,91.0,4.24,4.51,cultural,5,4,10,2,0,0.2,4.465
4.75,74.4,3.58,4.24,cultural,5,4,10,2,0,0.2,4.195
4.95,30.7,4.95,2.84,cultural,5,4,10,2,0,0.2,4.106
3.55,59.6,3.64,4.87,cultural,5,4,10,2,0,0.2,4.105
4.23,36.0,4.9,3.33,cultural,5,4,10,2,0,0.2,4.071
4.68,58.8,3.4,3.29,cultural,5,4,10,2,0,0.2,3.74
3.66,61.9,3.66,3.34,cultural,5,4,10,2,0,0.2,3.532
3.64,46.0,3.21,3.26,cultural,5,4,10,2,0,0.2,3.359
4.99,53.3,4.39,4.55,cultural,4,3,8,2,1,0.25,4.634
3.91,77.4,4.1,4.88,cultural,4,3,8,2,1,0.25,4.355
4.53,42.8,4.09,4.2,cultural,4,3,8,2,0,0.25,4.266
4.12,87.2,3.75,4.54,cultural,4,3,8,2,0,0.25,4.177
4.48,45.9,4.13,3.98,cultural,4,3,8,2,0,0.25,4.175
3.67,92.4,3.92,4.27,cultural,4,3,8,2,0,0.25,3.985
3.72,74.4,3.88,3.23,cultural,4,3,8,2,0,0.25,3.572
3.87,88.9,3.79,2.78,cultural,4,3,8,2,0,0.25,3.41
4.58,31.8,4.85,4.67,administrativa,4,3,12,4,1,0.3333,4.697
4.36,69.9,4.62,3.98,administrativa,4,3,12,4,1,0.3333,4.286
3.57,66.5,4.94,4.25,administrativa,4,3,12,4,1,0.3333,4.253
4.78,84.0,4.16,3.84,administrativa,4,3,12,4,1,0.3333,4.218
4.26,48.6,3.9,3.99,administrativa,4,3,12,4,0,0.3333,4.044
4.38,75.5,3.5,4.16,administrativa,4,3,12,4,0,0.3333,4.028
4.52,72.0,3.85,3.44,administrativa,4,3,12,4,0,0.3333,3.887
4.39,63.3,4.83,2.77,administrativa,4,3,12,4,0,0.3333,3.874
3.84,33.3,3.33,4.03,administrativa,4,3,12,4,0,0.3333,3.763
4.3,35.5,3.28,3.26,administrativa,4,3,12,4,0,0.3333,3.578
4.61,76.0,3.84,2.59,administrativa,4,3,12,4,0,0.3333,3.571
3.51,38.8,3.51,2.89,administrativa,4,3,12,4,0,0.3333,3.262
4.7,84.7,3.83,4.9,acreditacion,5,4,10,4,1,0.4,4.519
4.9,43.7,4.93,3.58,acreditacion,5,4,10,4,1,0.4,4.381
4.78,84.0,4.16,3.94,acreditacion,5,4,10,4,1,0.4,4.258
4.1,44.0,4.54,3.97,acreditacion,5,4,10,4,1,0.4,4.18
4.22,69.5,3.23,4.85,acreditacion,5,4,10,4,0,0.4,4.175
4.85,50.6,4.0,3.36,acreditacion,5,4,10,4,0,0.4,3.999
3.81,48.8,4.02,3.8,acreditacion,5,4,10,4,0,0.4,3.869
3.95,50.2,3.89,3.48,acreditacion,5,4,10,4,0,0.4,3.744
3.74,30.7,3.02,3.15,acreditacion,5,4,10,4,0,0.4,3.288
3.56,56.3,3.05,2.76,acreditacion,5,4,10,4,0,0.4,3.087
3.64,78.1,4.86,4.35,academica_cursos,5,3,8,3,1,0.375,4.29
4.39,63.2,3.69,4.46,academica_cursos,5,3,8,3,1,0.375,4.208
5.0,39.7,3.09,4.28,academica_cursos,5,3,8,3,1,0.375,4.139
4.1,44.0,3.22,4.5,academica_cursos,5,3,8,3,0,0.375,3.996
4.16,64.5,4.04,3.37,academica_cursos,5,3,8,3,0,0.375,3.808
3.51,53.7,3.2,4.3,academica_cursos,5,3,8,3,0,0.375,3.733
3.86,45.1,3.05,3.36,academica_cursos,5,3,8,3,0,0.375,3.417
3.89,71.1,3.9,2.67,academica_cursos,5,3,8,3,0,0.375,3.405
4.4,52.8,3.78,4.26,biblioteca,6,3,11,2,1,0.1818,4.158
4.47,63.1,3.41,4.38,biblioteca,6,3,11,2,1,0.1818,4.116
4.53,57.3,4.92,3.08,biblioteca,6,3,11,2,0,0.1818,4.067
4.94,54.6,3.32,3.9,biblioteca,6,3,11,2,0,0.1818,4.038
3.93,58.9,3.2,4.68,biblioteca,6,3,11,2,0,0.1818,4.011
4.92,33.7,3.06,4.04,biblioteca,6,3,11,2,0,0.1818,4.01
4.14,49.5,3.39,3.98,biblioteca,6,3,11,2,0,0.1818,3.851
3.64,46.0,4.28,3.58,biblioteca,6,3,11,2,0,0.1818,3.808
4.85,67.6,3.37,3.31,biblioteca,6,3,11,2,0,0.1818,3.79
4.4,42.2,3.81,2.96,biblioteca,6,3,11,2,0,0.1818,3.647
3.57,66.5,4.62,2.66,biblioteca,6,3,11,2,0,0.1818,3.521
4.63,61.0,4.84,3.98,cultural,6,3,7,1,1,0.1429,4.433
3.96,69.1,4.35,4.5,cultural,6,3,7,1,0,0.1429,4.293
3.84,74.8,4.34,3.72,cultural,6,3,7,1,0,0.1429,3.942
3.7,44.1,4.93,3.28,cultural,6,3,7,1,0,0.1429,3.901
4.41,55.8,3.78,3.48,cultural,6,3,7,1,0,0.1429,3.849
4.92,33.7,3.23,3.38,cultural,6,3,7,1,0,0.1429,3.797
4.13,75.4,3.92,2.93,cultural,6,3,7,1,0,0.1429,3.587
3.87,61.3,5.0,3.89,investigacion,5,3,8,2,1,0.25,4.217
4.12,61.8,4.39,4.11,investigacion,5,3,8,2,1,0.25,4.197
4.12,87.2,3.37,4.09,investigacion,5,3,8,2,0,0.25,3.883
4.13,40.5,4.02,3.55,investigacion,5,3,8,2,0,0.25,3.865
3.57,66.5,3.37,4.23,investigacion,5,3,8,2,0,0.25,3.774
4.79,49.0,3.98,2.85,investigacion,5,3,8,2,0,0.25,3.771
3.77,79.7,3.28,3.46,investigacion,5,3,8,2,0,0.25,3.499
3.55,33.7,3.24,3.26,investigacion,5,3,8,2,0,0.25,3.341
4.38,75.5,4.73,4.88,permanencia_graduacion,5,4,5,4,1,0.8,4.685
4.41,61.5,3.98,4.28,permanencia_graduacion,5,4,5,4,1,0.8,4.229
3.96,86.3,3.77,3.9,permanencia_graduacion,5,4,5,4,1,0.8,3.879
4.76,76.7,3.97,2.99,permanencia_graduacion,5,4,5,4,1,0.8,3.815
3.63,91.1,4.31,3.52,permanencia_graduacion,5,4,5,4,0,0.8,3.79
3.85,71.2,4.49,4.41,cultural,5,3,7,4,1,0.5714,4.266
3.59,72.1,3.23,4.44,cultural,5,3,7,4,1,0.5714,3.822
4.39,63.3,3.34,3.64,cultural,5,3,7,4,1,0.5714,3.775
3.64,37.4,4.52,3.23,cultural,5,3,7,4,1,0.5714,3.74
3.61,83.1,3.55,3.84,cultural,5,3,7,4,0,0.5714,3.684
3.89,71.1,4.1,2.78,cultural,5,3,7,4,0,0.5714,3.509
3.81,48.3,3.17,2.58,cultural,5,3,7,4,0,0.5714,3.126
4.75,67.6,4.09,4.97,permanencia_graduacion,5,3,10,1,1,0.1,4.64
4.23,63.3,3.88,4.98,permanencia_graduacion,5,3,10,1,0,0.1,4.425
4.92,78.4,5.0,3.62,permanencia_graduacion,5,3,10,1,0,0.1,4.424
3.99,67.4,4.62,3.97,permanencia_graduacion,5,3,10,1,0,0.1,4.171
4.22,51.7,3.7,4.28,permanencia_graduacion,5,3,10,1,0,0.1,4.088
4.67,37.9,4.55,3.09,permanencia_graduacion,5,3,10,1,0,0.1,4.002
3.56,33.5,3.7,4.54,permanencia_graduacion,5,3,10,1,0,0.1,3.994
3.72,87.0,3.2,4.58,permanencia_graduacion,5,3,10,1,0,0.1,3.908
3.83,87.6,4.5,3.24,permanencia_graduacion,5,3,10,1,0,0.1,3.795
3.81,89.5,4.27,2.91,permanencia_graduacion,5,3,10,1,0,0.1,3.588
4.13,74.1,4.8,4.54,academica_cursos,5,3,6,2,1,0.3333,4.495
4.88,95.0,4.9,3.79,academica_cursos,5,3,6,2,1,0.3333,4.45
4.7,84.7,3.34,4.95,academica_cursos,5,3,6,2,0,0.3333,4.392
4.9,84.7,3.59,3.93,academica_cursos,5,3,6,2,0,0.3333,4.119
3.56,49.7,4.61,3.93,academica_cursos,5,3,6,2,0,0.3333,4.023
3.99,62.6,4.06,3.99,academica_cursos,5,3,6,2,0,0.3333,4.011
4.94,54.6,4.98,4.67,academica_cursos,5,3,5,4,1,0.8,4.844
4.19,71.3,4.66,4.4,academica_cursos,5,3,5,4,1,0.8,4.415
4.88,95.0,4.35,3.72,academica_cursos,5,3,5,4,1,0.8,4.257
3.87,88.9,3.25,4.67,academica_cursos,5,3,5,4,1,0.8,4.004
4.12,61.8,3.5,4.28,academica_cursos,5,3,5,4,0,0.8,3.998
4.8,94.8,4.39,4.69,acreditacion,5,3,10,3,1,0.3,4.633
4.9,84.7,4.94,4.09,acreditacion,5,3,10,3,1,0.3,4.588
4.37,46.9,4.39,4.63,acreditacion,5,3,10,3,1,0.3,4.48
4.48,45.9,4.16,4.67,acreditacion,5,3,10,3,0,0.3,4.46
3.81,48.3,4.59,4.42,acreditacion,5,3,10,3,0,0.3,4.288
4.62,79.9,3.81,4.37,acreditacion,5,3,10,3,0,0.3,4.277
4.92,88.7,3.91,3.72,acreditacion,5,3,10,3,0,0.3,4.137
3.84,74.8,4.59,3.49,acreditacion,5,3,10,3,0,0.3,3.925
3.52,62.8,4.69,2.73,acreditacion,5,3,10,3,0,0.3,3.555
4.18,59.7,3.75,2.69,acreditacion,5,3,10,3,0,0.3,3.455
4.99,65.2,3.25,4.64,deportiva,5,3,10,2,1,0.2,4.328
4.89,94.6,3.69,4.21,deportiva,5,3,10,2,1,0.2,4.258
3.95,50.2,3.54,4.57,deportiva,5,3,10,2,0,0.2,4.075
4.36,69.9,3.68,3.94,deportiva,5,3,10,2,0,0.2,3.988
3.85,71.2,4.57,3.65,deportiva,5,3,10,2,0,0.2,3.986
4.18,82.9,4.13,3.71,deportiva,5,3,10,2,0,0.2,3.977
3.64,36.7,4.92,3.01,deportiva,5,3,10,2,0,0.2,3.772
4.21,73.3,4.38,2.83,deportiva,5,3,10,2,0,0.2,3.709
4.66,93.0,3.88,2.5,deportiva,5,3,10,2,0,0.2,3.562
4.31,93.3,3.1,2.75,deportiva,5,3,10,2,0,0.2,3.323
3.74,86.9,4.75,4.69,investigacion,4,3,6,3,1,0.5,4.423
3.61,83.2,4.25,4.31,investigacion,4,3,6,3,1,0.5,4.082
4.21,73.3,4.51,3.57,investigacion,4,3,6,3,1,0.5,4.044
4.33,92.1,3.16,4.16,investigacion,4,3,6,3,0,0.5,3.911
4.35,54.7,4.3,2.63,investigacion,4,3,6,3,0,0.5,3.647
4.23,36.0,3.19,3.4,investigacion,4,3,6,3,0,0.5,3.586
4.76,56.4,4.19,3.8,regimenes_especiales,6,3,3,1,1,0.3333,4.205
4.52,76.0,3.89,2.52,regimenes_especiales,6,3,3,1,0,0.3333,3.531
3.88,56.2,3.43,2.69,regimenes_especiales,6,3,3,1,0,0.3333,3.269
4.49,83.2,4.75,4.1,permanencia_graduacion,7,3,9,1,1,0.1111,4.412
4.93,83.2,4.13,4.03,permanencia_graduacion,7,3,9,1,0,0.1111,4.33
4.13,74.1,4.39,3.69,permanencia_graduacion,7,3,9,1,0,0.1111,4.032
3.55,86.9,3.77,4.53,permanencia_graduacion,7,3,9,1,0,0.1111,4.008
4.86,45.6,4.35,2.67,permanencia_graduacion,7,3,9,1,0,0.1111,3.831
4.12,36.3,4.61,2.76,permanencia_graduacion,7,3,9,1,0,0.1111,3.723
4.25,75.2,3.33,3.38,permanencia_graduacion,7,3,9,1,0,0.1111,3.626
3.75,32.4,3.74,3.25,permanencia_graduacion,7,3,9,1,0,0.1111,3.547
4.24,86.8,3.46,2.72,permanencia_graduacion,7,3,9,1,0,0.1111,3.398
4.09,80.4,3.86,4.48,laboratorios,3,3,9,2,1,0.2222,4.177
4.84,58.5,3.5,4.11,laboratorios,3,3,9,2,1,0.2222,4.146
3.97,57.7,3.43,4.74,laboratorios,3,3,9,2,0,0.2222,4.116
4.61,76.0,4.23,3.61,laboratorios,3,3,9,2,0,0.2222,4.096
4.8,94.8,3.5,4.0,laboratorios,3,3,9,2,0,0.2222,4.09
4.35,90.5,4.46,3.38,laboratorios,3,3,9,2,0,0.2222,3.995
4.55,92.0,4.88,2.57,laboratorios,3,3,9,2,0,0.2222,3.857
4.09,62.8,4.44,3.21,laboratorios,3,3,9,2,0,0.2222,3.843
4.18,82.9,3.28,2.81,laboratorios,3,3,9,2,0,0.2222,3.362
4.05,58.4,4.96,4.97,investigacion,5,3,7,3,1,0.4286,4.691
4.35,67.0,4.91,3.74,investigacion,5,3,7,3,1,0.4286,4.274
4.7,30.7,3.11,4.74,investigacion,5,3,7,3,1,0.4286,4.239
4.51,69.3,4.19,3.82,investigacion,5,3,7,3,0,0.4286,4.138
4.36,38.1,4.5,3.24,investigacion,5,3,7,3,0,0.4286,3.954
3.56,33.5,4.04,3.77,investigacion,5,3,7,3,0,0.4286,3.788
4.29,53.3,3.23,3.75,investigacion,5,3,7,3,0,0.4286,3.756
4.12,61.8,4.53,4.89,permanencia_graduacion,5,3,9,2,1,0.2222,4.551
4.52,76.0,4.72,3.92,permanencia_graduacion,5,3,9,2,1,0.2222,4.34
4.41,54.3,3.83,4.25,permanencia_graduacion,5,3,9,2,0,0.2222,4.172
4.18,32.9,3.73,4.21,permanencia_graduacion,5,3,9,2,0,0.2222,4.057
3.95,50.2,4.26,3.75,permanencia_graduacion,5,3,9,2,0,0.2222,3.963
3.6,69.4,4.58,3.77,permanencia_graduacion,5,3,9,2,0,0.2222,3.962
4.03,93.9,4.54,2.54,permanencia_graduacion,5,3,9,2,0,0.2222,3.587
4.94,65.9,3.08,2.65,permanencia_graduacion,5,3,9,2,0,0.2222,3.466
3.74,86.9,3.14,3.16,permanencia_graduacion,5,3,9,2,0,0.2222,3.328
4.4,52.8,4.84,4.94,regimenes_especiales,4,4,7,2,1,0.2857,4.748
4.58,52.4,4.17,4.41,regimenes_especiales,4,4,7,2,1,0.2857,4.389
4.76,62.3,4.3,4.11,regimenes_especiales,4,4,7,2,0,0.2857,4.362
4.52,72.0,4.91,3.1,regimenes_especiales,4,4,7,2,0,0.2857,4.069
3.52,62.8,3.62,3.59,regimenes_especiales,4,4,7,2,0,0.2857,3.578
3.96,45.1,3.31,3.32,regimenes_especiales,4,4,7,2,0,0.2857,3.509
3.61,83.1,3.17,2.7,regimenes_especiales,4,4,7,2,0,0.2857,3.114
4.05,61.8,4.75,4.33,laboratorios,4,3,9,1,1,0.1111,4.372
4.1,44.0,3.74,4.37,laboratorios,4,3,9,1,0,0.1111,4.1
4.76,55.0,4.65,3.15,laboratorios,4,3,9,1,0,0.1111,4.083
4.68,83.0,3.11,4.17,laboratorios,4,3,9,1,0,0.1111,4.005
4.67,37.9,3.23,4.03,laboratorios,4,3,9,1,0,0.1111,3.982
4.7,83.4,4.32,2.94,laboratorios,4,3,9,1,0,0.1111,3.882
4.53,42.8,3.02,3.74,laboratorios,4,3,9,1,0,0.1111,3.761
3.74,86.9,3.69,3.79,laboratorios,4,3,9,1,0,0.1111,3.745
4.18,59.7,3.03,2.84,laboratorios,4,3,9,1,0,0.1111,3.299
4.99,55.0,4.0,3.92,regimenes_especiales,4,4,8,1,1,0.125,4.265
4.86,52.5,3.21,3.93,regimenes_especiales,4,4,8,1,0,0.125,3.993
4.56,89.9,3.91,3.4,regimenes_especiales,4,4,8,1,0,0.125,3.901
4.05,61.8,4.45,3.07,regimenes_especiales,4,4,8,1,0,0.125,3.778
3.69,32.0,4.61,3.18,regimenes_especiales,4,4,8,1,0,0.125,3.762
3.52,56.1,3.13,4.28,regimenes_especiales,4,4,8,1,0,0.125,3.707
3.88,56.2,4.15,2.69,regimenes_especiales,4,4,8,1,0,0.125,3.485
3.51,35.1,3.74,3.14,regimenes_especiales,4,4,8,1,0,0.125,3.431
4.46,39.5,4.72,2.53,biblioteca,2,4,3,1,1,0.3333,3.766
3.76,39.0,4.84,2.95,biblioteca,2,4,3,1,0,0.3333,3.76
4.64,75.1,3.09,3.41,biblioteca,2,4,3,1,0,0.3333,3.683
4.08,56.6,4.96,4.89,nee,5,4,8,4,1,0.5,4.668
4.26,33.0,4.0,4.75,nee,5,4,8,4,1,0.5,4.378
4.76,76.7,3.56,4.61,nee,5,4,8,4,1,0.5,4.34
4.62,48.7,3.36,4.51,nee,5,4,8,4,1,0.5,4.198
4.53,84.9,4.44,3.18,nee,5,4,8,4,0,0.5,3.963
4.35,54.7,3.64,3.54,nee,5,4,8,4,0,0.5,3.813
3.77,79.7,3.14,3.66,nee,5,4,8,4,0,0.5,3.537
3.6,54.0,3.16,3.43,nee,5,4,8,4,0,0.5,3.4
3.68,65.4,5.0,4.44,permanencia_graduacion,6,3,11,1,1,0.0909,4.38
4.47,30.7,3.58,4.46,permanencia_graduacion,6,3,11,1,0,0.0909,4.199
3.68,86.6,3.74,4.93,permanencia_graduacion,6,3,11,1,0,0.0909,4.198
4.12,82.4,4.46,3.87,permanencia_graduacion,6,3,11,1,0,0.0909,4.122
4.19,71.3,4.08,4.09,permanencia_graduacion,6,3,11,1,0,0.0909,4.117
4.09,62.8,3.67,4.4,permanencia_graduacion,6,3,11,1,0,0.0909,4.088
4.7,74.2,4.86,2.56,permanencia_graduacion,6,3,11,1,0,0.0909,3.892
4.35,54.7,4.59,2.88,permanencia_graduacion,6,3,11,1,0,0.0909,3.834
4.21,73.3,3.91,3.42,permanencia_graduacion,6,3,11,1,0,0.0909,3.804
3.86,45.1,4.48,3.11,permanencia_graduacion,6,3,11,1,0,0.0909,3.746
4.53,32.7,4.39,2.52,permanencia_graduacion,6,3,11,1,0,0.0909,3.684
4.48,45.9,3.84,4.9,deportiva,3,4,5,3,1,0.6,4.456
4.58,52.4,3.46,4.61,deportiva,3,4,5,3,1,0.6,4.256
3.85,51.1,3.41,4.96,deportiva,3,4,5,3,1,0.6,4.162
4.09,41.0,4.95,2.86,deportiva,3,4,5,3,0,0.6,3.856
3.69,32.0,3.56,2.61,deportiva,3,4,5,3,0,0.6,3.219
4.47,63.1,4.6,4.25,deportiva,5,4,11,3,1,0.2727,4.421
4.7,74.2,3.41,4.45,deportiva,5,4,11,3,1,0.2727,4.213
4.94,57.0,4.93,3.09,deportiva,5,4,11,3,1,0.2727,4.197
4.98,35.1,4.95,2.71,deportiva,5,4,11,3,0,0.2727,4.063
3.99,67.4,4.47,3.3,deportiva,5,4,11,3,0,0.2727,3.858
4.52,73.5,4.64,2.69,deportiva,5,4,11,3,0,0.2727,3.824
3.7,44.1,4.14,3.59,deportiva,5,4,11,3,0,0.2727,3.788
3.98,83.9,3.52,3.29,deportiva,5,4,11,3,0,0.2727,3.566
4.74,73.2,3.54,2.69,deportiva,5,4,11,3,0,0.2727,3.56
3.54,89.4,4.17,2.89,deportiva,5,4,11,3,0,0.2727,3.469
4.35,54.7,3.19,2.83,deportiva,5,4,11,3,0,0.2727,3.394
4.53,57.3,4.9,4.64,academica_cursos,5,3,12,4,1,0.3333,4.685
4.85,67.6,3.43,4.64,academica_cursos,5,3,12,4,1,0.3333,4.34
4.65,59.1,4.41,4.01,academica_cursos,5,3,12,4,1,0.3333,4.322
5.0,94.7,3.3,4.28,academica_cursos,5,3,12,4,1,0.3333,4.202
4.32,67.2,3.72,4.43,academica_cursos,5,3,12,4,0,0.3333,4.184
4.2,55.6,4.94,3.49,academica_cursos,5,3,12,4,0,0.3333,4.138
4.99,65.2,3.9,3.66,academica_cursos,5,3,12,4,0,0.3333,4.131
4.25,33.5,4.62,3.26,academica_cursos,5,3,12,4,0,0.3333,3.965
4.46,83.7,4.64,2.93,academica_cursos,5,3,12,4,0,0.3333,3.902
4.1,44.0,4.7,2.73,academica_cursos,5,3,12,4,0,0.3333,3.732
4.16,89.8,3.1,3.25,academica_cursos,5,3,12,4,0,0.3333,3.478
3.96,86.3,3.63,2.8,academica_cursos,5,3,12,4,0,0.3333,3.397
4.09,32.4,4.66,4.96,biblioteca,5,4,4,2,1,0.5,4.609
4.85,50.6,3.92,4.51,biblioteca,5,4,4,2,1,0.5,4.435
3.55,33.7,3.26,4.56,biblioteca,5,4,4,2,0,0.5,3.867
3.57,59.3,3.28,2.53,biblioteca,5,4,4,2,0,0.5,3.067
4.53,42.8,4.17,4.79,permanencia_graduacion,2,4,12,1,1,0.0833,4.526
4.88,95.0,3.15,4.99,permanencia_graduacion,2,4,12,1,0,0.0833,4.405
3.9,87.8,4.69,4.52,permanencia_graduacion,2,4,12,1,0,0.0833,4.385
4.67,51.7,3.1,4.81,permanencia_graduacion,2,4,12,1,0,0.0833,4.255
3.99,62.6,3.25,4.86,permanencia_graduacion,2,4,12,1,0,0.0833,4.116
4.37,58.4,4.82,3.19,permanencia_graduacion,2,4,12,1,0,0.0833,4.033
4.97,64.4,4.62,2.73,permanencia_graduacion,2,4,12,1,0,0.0833,3.969
3.55,59.6,3.87,4.31,permanencia_graduacion,2,4,12,1,0,0.0833,3.95
3.86,45.1,3.4,4.11,permanencia_graduacion,2,4,12,1,0,0.0833,3.822
4.12,36.3,3.99,3.46,permanencia_graduacion,2,4,12,1,0,0.0833,3.817
3.64,67.2,3.85,3.38,permanencia_graduacion,2,4,12,1,0,0.0833,3.599
4.12,82.4,3.89,2.87,permanencia_graduacion,2,4,12,1,0,0.0833,3.551
4.73,30.9,4.29,4.49,acreditacion,6,3,7,2,1,0.2857,4.502
4.52,76.0,4.0,4.71,acreditacion,6,3,7,2,1,0.2857,4.44
4.08,38.5,3.5,4.99,acreditacion,6,3,7,2,0,0.2857,4.27
4.66,93.0,3.76,4.28,acreditacion,6,3,7,2,0,0.2857,4.238
4.08,56.6,3.77,3.55,acreditacion,6,3,7,2,0,0.2857,3.775
4.92,59.2,3.96,2.72,acreditacion,6,3,7,2,0,0.2857,3.752
3.96,45.1,4.09,2.55,acreditacion,6,3,7,2,0,0.2857,3.435
3.51,35.1,5.0,4.93,cultural,5,4,10,4,1,0.4,4.525
4.9,84.7,4.83,3.76,cultural,5,4,10,4,1,0.4,4.423
3.8,53.5,4.79,4.45,cultural,5,4,10,4,1,0.4,4.357
4.18,32.9,4.06,4.42,cultural,5,4,10,4,1,0.4,4.24
4.13,76.4,3.12,4.98,cultural,5,4,10,4,0,0.4,4.167
4.23,63.3,3.53,4.54,cultural,5,4,10,4,0,0.4,4.144
4.03,93.9,3.2,4.14,cultural,5,4,10,4,0,0.4,3.825
4.25,33.5,4.83,2.64,cultural,5,4,10,4,0,0.4,3.78
4.15,81.3,3.78,2.95,cultural,5,4,10,4,0,0.4,3.559
3.59,72.1,3.64,3.05,cultural,5,4,10,4,0,0.4,3.389
4.63,61.0,4.9,4.59,laboratorios,7,3,10,4,1,0.4,4.695
3.91,35.8,4.62,4.93,laboratorios,7,3,10,4,1,0.4,4.531
3.57,59.3,4.87,4.98,laboratorios,7,3,10,4,1,0.4,4.524
4.86,52.5,3.64,4.35,laboratorios,7,3,10,4,1,0.4,4.29
4.69,36.7,4.41,3.38,laboratorios,7,3,10,4,0,0.4,4.082
4.75,67.6,4.08,2.94,laboratorios,7,3,10,4,0,0.4,3.825
4.74,69.8,4.14,2.86,laboratorios,7,3,10,4,0,0.4,3.808
3.6,69.4,3.72,3.98,laboratorios,7,3,10,4,0,0.4,3.788
3.77,79.7,3.35,3.09,laboratorios,7,3,10,4,0,0.4,3.372
3.81,48.8,3.08,2.64,laboratorios,7,3,10,4,0,0.4,3.123
4.58,69.8,3.26,4.29,acreditacion,4,3,3,2,1,0.6667,4.068
4.53,32.7,4.84,3.0,acreditacion,4,3,3,2,1,0.6667,4.011
3.99,62.6,4.05,2.5,acreditacion,4,3,3,2,0,0.6667,3.412
4.7,30.7,4.83,4.44,administrativa,4,4,4,3,1,0.75,4.635
3.91,35.8,4.69,4.65,administrativa,4,4,4,3,1,0.75,4.44
4.69,32.4,4.92,3.43,administrativa,4,4,4,3,1,0.75,4.255
4.34,67.5,3.04,3.97,administrativa,4,4,4,3,0,0.75,3.802
4.98,87.6,4.78,4.03,investigacion,5,3,6,4,1,0.6667,4.54
3.51,53.7,4.95,4.33,investigacion,5,3,6,4,1,0.6667,4.27
4.7,30.7,3.87,4.1,investigacion,5,3,6,4,1,0.6667,4.211
4.35,90.5,4.41,3.9,investigacion,5,3,6,4,1,0.6667,4.188
4.55,73.8,3.97,3.29,investigacion,5,3,6,4,0,0.6667,3.872
4.65,59.1,3.67,3.31,investigacion,5,3,6,4,0,0.6667,3.82
4.54,58.3,4.27,4.91,permanencia_graduacion,5,3,12,2,1,0.1667,4.607
3.54,89.4,4.7,4.43,permanencia_graduacion,5,3,12,2,1,0.1667,4.244
4.08,56.6,4.22,4.1,permanencia_graduacion,5,3,12,2,0,0.1667,4.13
4.33,92.1,4.63,3.45,permanencia_graduacion,5,3,12,2,0,0.1667,4.068
3.69,56.7,4.4,3.93,permanencia_graduacion,5,3,12,2,0,0.1667,3.999
3.55,33.7,3.64,4.52,permanencia_graduacion,5,3,12,2,0,0.1667,3.965
4.99,65.2,3.69,3.3,permanencia_graduacion,5,3,12,2,0,0.1667,3.924
4.05,61.8,4.47,3.24,permanencia_graduacion,5,3,12,2,0,0.1667,3.852
4.36,50.5,3.21,3.74,permanencia_graduacion,5,3,12,2,0,0.1667,3.767
3.81,48.3,4.13,2.96,permanencia_graduacion,5,3,12,2,0,0.1667,3.566
4.23,64.9,3.66,2.69,permanencia_graduacion,5,3,12,2,0,0.1667,3.443
3.56,84.8,3.36,2.5,permanencia_graduacion,5,3,12,2,0,0.1667,3.076
4.39,63.3,4.66,4.47,academica,6,3,11,3,1,0.2727,4.503
4.53,57.3,4.57,4.3,academica,6,3,11,3,1,0.2727,4.45
4.36,50.5,3.83,4.7,academica,6,3,11,3,1,0.2727,4.337
4.38,68.8,4.16,4.4,academica,6,3,11,3,0,0.2727,4.322
4.47,30.7,4.39,3.38,academica,6,3,11,3,0,0.2727,4.01
4.73,30.9,3.7,3.44,academica,6,3,11,3,0,0.2727,3.905
4.18,32.9,3.45,3.63,academica,6,3,11,3,0,0.2727,3.741
4.49,83.2,3.1,3.6,academica,6,3,11,3,0,0.2727,3.717
4.15,89.4,4.6,2.58,academica,6,3,11,3,0,0.2727,3.657
3.68,86.6,3.84,2.92,academica,6,3,11,3,0,0.2727,3.424
3.52,56.1,3.02,3.02,academica,6,3,11,3,0,0.2727,3.17
4.35,67.0,4.19,4.03,nee,6,3,8,3,1,0.375,4.174
4.23,63.3,4.46,3.87,nee,6,3,8,3,1,0.375,4.155
4.61,76.0,4.88,2.91,nee,6,3,8,3,1,0.375,4.011
4.94,54.6,3.34,3.44,nee,6,3,8,3,0,0.375,3.86
4.18,73.2,4.9,2.69,nee,6,3,8,3,0,0.375,3.8
4.22,69.5,4.8,2.73,nee,6,3,8,3,0,0.375,3.798
3.91,77.4,4.78,2.89,nee,6,3,8,3,0,0.375,3.763
4.62,79.9,3.97,2.58,nee,6,3,8,3,0,0.375,3.609
4.07,33.3,4.11,4.81,regimenes_especiales,4,3,7,3,1,0.4286,4.378
4.73,62.1,4.95,3.52,regimenes_especiales,4,3,7,3,1,0.4286,4.312
4.31,93.3,4.08,4.15,regimenes_especiales,4,3,7,3,1,0.4286,4.177
4.79,49.0,3.79,3.87,regimenes_especiales,4,3,7,3,0,0.4286,4.122
4.98,35.1,3.01,2.72,regimenes_especiales,4,3,7,3,0,0.4286,3.485
3.85,51.1,3.98,2.64,regimenes_especiales,4,3,7,3,0,0.4286,3.405
4.09,41.0,3.59,2.74,regimenes_especiales,4,3,7,3,0,0.4286,3.4
4.75,74.4,4.28,4.94,investigacion,4,4,8,4,1,0.5,4.685
4.92,59.2,4.57,3.68,investigacion,4,4,8,4,1,0.5,4.319
4.66,93.0,4.28,3.47,investigacion,4,4,8,4,1,0.5,4.07
4.68,83.0,3.74,3.45,investigacion,4,4,8,4,1,0.5,3.906
3.74,86.9,4.79,3.16,investigacion,4,4,8,4,0,0.5,3.823
4.92,88.7,3.19,3.02,investigacion,4,4,8,4,0,0.5,3.641
3.89,71.1,3.95,2.79,investigacion,4,4,8,4,0,0.5,3.468
4.12,61.8,3.37,2.61,investigacion,4,4,8,4,0,0.5,3.291
4.95,52.1,4.07,4.67,cultural,5,4,9,4,1,0.4444,4.574
4.12,87.2,4.11,4.6,cultural,5,4,9,4,1,0.4444,4.309
4.92,78.4,4.64,3.55,cultural,5,4,9,4,1,0.4444,4.288
3.9,32.3,3.95,4.7,cultural,5,4,9,4,1,0.4444,4.235
3.54,89.4,4.94,3.97,cultural,5,4,9,4,0,0.4444,4.132
3.72,44.7,3.12,4.38,cultural,5,4,9,4,0,0.4444,3.804
3.56,33.5,3.69,3.85,cultural,5,4,9,4,0,0.4444,3.715
4.09,32.4,3.45,3.17,cultural,5,4,9,4,0,0.4444,3.53
3.68,65.4,4.33,2.71,cultural,5,4,9,4,0,0.4444,3.487
4.92,78.4,3.79,4.63,cultural,3,3,5,3,1,0.6,4.465
4.13,40.5,4.9,3.62,cultural,3,3,5,3,1,0.6,4.157
4.91,32.6,3.07,3.93,cultural,3,3,5,3,1,0.6,3.966
3.89,71.1,4.03,3.93,cultural,3,3,5,3,0,0.6,3.948
3.76,39.0,4.97,2.87,cultural,3,3,5,3,0,0.6,3.767
4.54,58.3,4.82,4.79,academica_cursos,4,3,6,2,1,0.3333,4.724
4.16,38.1,4.99,4.07,academica_cursos,4,3,6,2,1,0.3333,4.373
4.03,93.9,4.98,3.59,academica_cursos,4,3,6,2,0,0.3333,4.139
4.98,36.0,3.25,3.56,academica_cursos,4,3,6,2,0,0.3333,3.893
3.71,71.6,4.67,3.14,academica_cursos,4,3,6,2,0,0.3333,3.77
4.02,39.9,3.13,3.47,academica_cursos,4,3,6,2,0,0.3333,3.533
3.81,48.8,4.57,4.67,deportiva,6,4,8,3,1,0.375,4.382
4.92,83.1,4.13,3.96,deportiva,6,4,8,3,1,0.375,4.299
3.87,88.9,4.04,4.79,deportiva,6,4,8,3,1,0.375,4.289
4.09,80.4,4.18,4.45,deportiva,6,4,8,3,0,0.375,4.261
4.55,92.0,3.21,4.45,deportiva,6,4,8,3,0,0.375,4.108
4.35,90.5,3.02,4.25,deportiva,6,4,8,3,0,0.375,3.911
4.26,48.6,4.93,2.75,deportiva,6,4,8,3,0,0.375,3.857
3.96,64.0,3.23,2.87,deportiva,6,4,8,3,0,0.375,3.305
4.99,65.2,4.49,4.8,permanencia_graduacion,5,3,9,4,1,0.4444,4.764
4.52,76.0,4.22,4.23,permanencia_graduacion,5,3,9,4,1,0.4444,4.314
4.86,45.6,3.08,4.72,permanencia_graduacion,5,3,9,4,1,0.4444,4.27
4.98,87.6,3.77,3.71,permanencia_graduacion,5,3,9,4,1,0.4444,4.109
4.54,35.4,4.63,3.26,permanencia_graduacion,5,3,9,4,0,0.4444,4.055
4.3,74.5,4.79,2.55,permanencia_graduacion,5,3,9,4,0,0.4444,3.747
4.45,55.1,3.66,3.09,permanencia_graduacion,5,3,9,4,0,0.4444,3.669
4.27,47.0,3.55,2.86,permanencia_graduacion,5,3,9,4,0,0.4444,3.49
3.88,42.6,4.22,2.59,permanencia_graduacion,5,3,9,4,0,0.4444,3.466
4.41,61.5,4.46,4.01,tic,3,3,6,4,1,0.6667,4.265
4.92,88.7,4.94,3.07,tic,3,3,6,4,1,0.6667,4.186
4.85,50.6,4.55,3.3,tic,3,3,6,4,1,0.6667,4.14
3.86,73.6,4.83,3.52,tic,3,3,6,4,1,0.6667,4.015
3.68,86.6,3.6,4.36,tic,3,3,6,4,0,0.6667,3.928
3.56,56.3,3.18,3.6,tic,3,3,6,4,0,0.6667,3.462
4.07,86.8,3.27,4.63,cultural,5,3,4,3,1,0.75,4.054
4.35,54.7,3.62,3.77,cultural,5,3,4,3,1,0.75,3.899
4.8,53.2,4.76,2.57,cultural,5,3,4,3,1,0.75,3.896
4.23,64.9,4.03,2.9,cultural,5,3,4,3,0,0.75,3.638
3.68,65.4,4.84,4.26,laboratorios,3,4,3,2,1,0.6667,4.26
4.12,87.2,3.55,4.56,laboratorios,3,4,3,2,1,0.6667,4.125
4.76,55.0,3.5,3.64,laboratorios,3,4,3,2,0,0.6667,3.934
3.68,76.7,4.92,3.69,biblioteca,5,3,6,4,1,0.6667,4.056
4.46,83.7,4.68,3.15,biblioteca,5,3,6,4,1,0.6667,4.002
4.02,39.9,3.98,3.62,biblioteca,5,3,6,4,1,0.6667,3.848
4.09,41.0,4.66,2.73,biblioteca,5,3,6,4,1,0.6667,3.717
3.67,92.4,4.1,3.36,biblioteca,5,3,6,4,0,0.6667,3.675
3.69,56.7,4.36,3.1,biblioteca,5,3,6,4,0,0.6667,3.655
3.77,79.7,4.93,4.64,nee,6,3,5,4,1,0.8,4.466
3.68,76.7,4.29,4.19,nee,6,3,5,4,1,0.8,4.067
4.58,69.8,3.04,4.45,nee,6,3,5,4,1,0.8,4.066
4.58,69.8,3.54,3.52,nee,6,3,5,4,1,0.8,3.844
3.56,33.5,3.33,3.93,nee,6,3,5,4,0,0.8,3.639
4.73,30.9,4.82,4.12,administrativa,6,3,10,1,1,0.1,4.513
4.13,74.1,3.61,4.92,administrativa,6,3,10,1,0,0.1,4.29
3.72,74.4,4.35,4.56,administrativa,6,3,10,1,0,0.1,4.245
4.18,35.5,4.02,4.16,administrativa,6,3,10,1,0,0.1,4.124
4.23,63.3,3.5,4.51,administrativa,6,3,10,1,0,0.1,4.123
4.7,80.7,4.29,3.56,administrativa,6,3,10,1,0,0.1,4.121
4.46,39.5,3.5,3.67,administrativa,6,3,10,1,0,0.1,3.856
3.6,54.0,3.75,3.37,administrativa,6,3,10,1,0,0.1,3.553
3.83,46.2,4.2,2.52,administrativa,6,3,10,1,0,0.1,3.417
3.66,61.9,3.79,2.76,administrativa,6,3,10,1,0,0.1,3.339
4.69,32.4,4.31,4.88,permanencia_graduacion,6,3,8,3,1,0.375,4.652
4.7,90.5,3.11,4.64,permanencia_graduacion,6,3,8,3,1,0.375,4.199
4.09,32.3,4.37,3.7,permanencia_graduacion,6,3,8,3,1,0.375,4.018
4.94,65.9,4.3,2.97,permanencia_graduacion,6,3,8,3,0,0.375,3.96
3.59,72.1,4.62,3.51,permanencia_graduacion,6,3,8,3,0,0.375,3.867
4.74,69.8,3.65,3.19,permanencia_graduacion,6,3,8,3,0,0.375,3.793
4.52,73.5,3.67,3.19,permanencia_graduacion,6,3,8,3,0,0.375,3.733
3.98,83.9,4.03,3.1,permanencia_graduacion,6,3,8,3,0,0.375,3.643
4.63,83.0,4.31,4.99,permanencia_graduacion,4,4,3,2,1,0.6667,4.678
4.31,93.3,3.52,3.55,permanencia_graduacion,4,4,3,2,1,0.6667,3.769
4.58,52.4,3.78,2.59,permanencia_graduacion,4,4,3,2,0,0.6667,3.544
3.89,68.2,4.68,4.69,academica,4,3,8,2,1,0.25,4.447
4.2,55.6,4.62,4.41,academica,4,3,8,2,1,0.25,4.41
4.07,33.3,4.81,4.18,academica,4,3,8,2,0,0.25,4.336
4.2,55.6,4.07,4.46,academica,4,3,8,2,0,0.25,4.265
3.64,46.0,4.01,4.61,academica,4,3,8,2,0,0.25,4.139
4.18,32.9,4.45,3.06,academica,4,3,8,2,0,0.25,3.813
4.92,59.2,3.36,2.74,academica,4,3,8,2,0,0.25,3.58
4.41,61.5,3.26,3.15,academica,4,3,8,2,0,0.25,3.561
4.99,65.2,4.77,3.43,academica_cursos,6,3,5,3,1,0.6,4.3
3.99,62.6,4.74,3.55,academica_cursos,6,3,5,3,1,0.6,4.039
4.36,50.5,4.17,3.66,academica_cursos,6,3,5,3,1,0.6,4.023
4.7,84.7,3.44,3.06,academica_cursos,6,3,5,3,0,0.6,3.666
4.61,76.0,3.24,2.63,academica_cursos,6,3,5,3,0,0.6,3.407
3.85,92.6,4.14,4.77,investigacion,3,4,10,1,1,0.1,4.305
4.47,63.1,4.78,3.75,investigacion,3,4,10,1,0,0.1,4.275
3.57,59.3,4.43,4.45,investigacion,3,4,10,1,0,0.1,4.18
4.75,74.4,3.35,4.09,investigacion,3,4,10,1,0,0.1,4.066
3.83,46.2,3.98,4.08,investigacion,3,4,10,1,0,0.1,3.975
3.81,89.5,4.73,3.45,investigacion,3,4,10,1,0,0.1,3.942
4.8,53.2,3.92,3.29,investigacion,3,4,10,1,0,0.1,3.932
4.23,63.3,4.71,2.84,investigacion,3,4,10,1,0,0.1,3.818
3.85,39.3,3.4,3.52,investigacion,3,4,10,1,0,0.1,3.583
4.7,84.7,3.6,2.64,investigacion,3,4,10,1,0,0.1,3.546
4.94,54.6,4.9,4.73,nee,6,4,9,4,1,0.4444,4.844
3.71,71.6,4.57,4.45,nee,6,4,9,4,1,0.4444,4.264
4.09,32.3,4.51,3.83,nee,6,4,9,4,1,0.4444,4.112
3.72,74.4,4.07,4.33,nee,6,4,9,4,1,0.4444,4.069
3.99,67.4,3.42,4.43,nee,6,4,9,4,0,0.4444,3.995
4.21,36.0,3.86,3.57,nee,6,4,9,4,0,0.4444,3.849
4.56,89.9,4.15,2.9,nee,6,4,9,4,0,0.4444,3.773
3.69,32.0,3.26,3.58,nee,6,4,9,4,0,0.4444,3.517
3.67,47.4,3.95,2.51,nee,6,4,9,4,0,0.4444,3.29
4.07,33.3,4.9,3.64,nee,5,4,6,1,1,0.1667,4.147
3.56,33.5,3.45,4.69,nee,5,4,6,1,0,0.1667,3.979
3.64,67.2,4.04,3.81,nee,5,4,6,1,0,0.1667,3.828
3.81,48.8,4.01,3.27,nee,5,4,6,1,0,0.1667,3.654
4.3,74.5,3.62,2.76,nee,5,4,6,1,0,0.1667,3.48
4.69,32.4,3.13,2.61,nee,5,4,6,1,0,0.1667,3.39
4.32,67.2,4.81,4.53,deportiva,3,4,8,2,1,0.25,4.551
4.02,39.9,4.99,3.73,deportiva,3,4,8,2,1,0.25,4.195
4.53,42.8,3.25,4.28,deportiva,3,4,8,2,0,0.25,4.046
4.22,88.5,4.58,3.44,deportiva,3,4,8,2,0,0.25,4.016
3.85,51.1,4.97,3.03,deportiva,3,4,8,2,0,0.25,3.858
3.99,90.8,4.5,2.91,deportiva,3,4,8,2,0,0.25,3.711
4.03,50.2,3.04,3.76,deportiva,3,4,8,2,0,0.25,3.625
3.85,39.3,3.04,3.06,deportiva,3,4,8,2,0,0.25,3.291
4.53,56.8,4.8,3.78,investigacion,3,3,12,3,1,0.25,4.311
4.89,94.6,4.4,3.55,investigacion,3,3,12,3,1,0.25,4.207
4.08,38.5,4.25,3.98,investigacion,3,3,12,3,1,0.25,4.091
4.97,64.4,4.4,3.01,investigacion,3,3,12,3,0,0.25,4.015
3.67,47.4,4.04,4.06,investigacion,3,3,12,3,0,0.25,3.937
4.99,53.3,3.84,2.75,investigacion,3,3,12,3,0,0.25,3.749
3.67,47.4,4.24,3.21,investigacion,3,3,12,3,0,0.25,3.657
4.02,39.9,4.67,2.62,investigacion,3,3,12,3,0,0.25,3.655
4.13,75.4,3.23,3.61,investigacion,3,3,12,3,0,0.25,3.652
4.7,74.2,3.25,3.13,investigacion,3,3,12,3,0,0.25,3.637
4.09,41.0,4.37,2.52,investigacion,3,3,12,3,0,0.25,3.546
3.96,45.1,3.1,2.77,investigacion,3,3,12,3,0,0.25,3.226
3.81,48.3,4.81,4.59,administrativa,4,3,10,1,1,0.1,4.422
4.85,67.6,4.87,3.33,administrativa,4,3,10,1,0,0.1,4.248
4.03,50.2,3.4,4.26,administrativa,4,3,10,1,0,0.1,3.933
4.92,83.1,3.99,3.02,administrativa,4,3,10,1,0,0.1,3.881
4.45,55.1,4.34,2.87,administrativa,4,3,10,1,0,0.1,3.785
3.99,67.4,3.53,3.81,administrativa,4,3,10,1,0,0.1,3.78
3.97,57.7,3.01,4.18,administrativa,4,3,10,1,0,0.1,3.766
4.12,87.2,3.18,3.78,administrativa,4,3,10,1,0,0.1,3.702
4.16,38.1,3.4,3.0,administrativa,4,3,10,1,0,0.1,3.468
3.84,74.8,3.59,2.6,administrativa,4,3,10,1,0,0.1,3.269
4.63,61.0,4.7,4.73,academica,6,3,7,1,1,0.1429,4.691
4.35,54.7,4.75,4.63,academica,6,3,7,1,0,0.1429,4.582
4.95,52.1,4.29,3.64,academica,6,3,7,1,0,0.1429,4.228
4.53,71.4,3.72,4.19,academica,6,3,7,1,0,0.1429,4.151
4.62,79.9,3.1,4.53,academica,6,3,7,1,0,0.1429,4.128
4.26,33.0,4.95,3.16,academica,6,3,7,1,0,0.1429,4.027
4.14,43.6,3.85,2.79,academica,6,3,7,1,0,0.1429,3.513
4.53,57.3,4.47,3.43,nee,2,4,5,2,1,0.4,4.072
4.92,78.4,3.8,3.64,nee,2,4,5,2,1,0.4,4.072
3.59,72.1,3.66,4.74,nee,2,4,5,2,0,0.4,4.071
4.23,64.9,4.91,3.17,nee,2,4,5,2,0,0.4,4.01
4.16,79.8,3.69,2.78,nee,2,4,5,2,0,0.4,3.467
4.76,56.4,4.68,4.93,deportiva,2,4,11,4,1,0.3636,4.804
4.63,83.0,4.3,4.49,deportiva,2,4,11,4,1,0.3636,4.475
4.78,84.0,3.26,4.8,deportiva,2,4,11,4,1,0.3636,4.332
3.84,92.7,4.18,4.51,deportiva,2,4,11,4,1,0.3636,4.21
3.85,51.1,3.12,4.86,deportiva,2,4,11,4,0,0.3636,4.035
3.91,77.4,3.23,4.24,deportiva,2,4,11,4,0,0.3636,3.838
4.47,30.7,4.36,2.95,deportiva,2,4,11,4,0,0.3636,3.829
3.85,51.1,3.06,4.21,deportiva,2,4,11,4,0,0.3636,3.757
4.07,65.2,3.76,3.4,deportiva,2,4,11,4,0,0.3636,3.709
3.83,46.2,3.32,3.54,deportiva,2,4,11,4,0,0.3636,3.561
3.74,30.7,3.23,3.53,deportiva,2,4,11,4,0,0.3636,3.503
4.88,82.7,3.45,4.89,nee,5,4,7,1,1,0.1429,4.455
4.58,31.8,3.87,4.32,nee,5,4,7,1,0,0.1429,4.263
3.96,64.0,4.49,4.31,nee,5,4,7,1,0,0.1429,4.259
4.34,67.5,4.74,3.81,nee,5,4,7,1,0,0.1429,4.248
4.25,75.2,4.75,3.8,nee,5,4,7,1,0,0.1429,4.22
4.12,82.4,4.38,4.05,nee,5,4,7,1,0,0.1429,4.17
4.18,32.9,4.31,2.53,nee,5,4,7,1,0,0.1429,3.559
4.89,38.6,4.78,4.03,cultural,4,3,10,3,1,0.3,4.513
4.92,83.1,3.02,4.84,cultural,4,3,10,3,1,0.3,4.318
4.09,32.3,3.76,4.54,cultural,4,3,10,3,1,0.3,4.171
4.67,37.9,4.01,3.88,cultural,4,3,10,3,0,0.3,4.156
4.38,68.8,3.3,4.57,cultural,4,3,10,3,0,0.3,4.132
4.05,61.8,4.01,3.67,cultural,4,3,10,3,0,0.3,3.886
3.85,72.0,4.5,3.3,cultural,4,3,10,3,0,0.3,3.825
3.89,68.2,3.16,3.61,cultural,4,3,10,3,0,0.3,3.559
3.85,92.6,3.66,3.2,cultural,4,3,10,3,0,0.3,3.533
3.85,51.1,3.99,2.91,cultural,4,3,10,3,0,0.3,3.516
3.85,72.0,4.21,4.05,acreditacion,5,3,6,4,1,0.6667,4.038
4.34,67.5,3.82,3.89,acreditacion,5,3,6,4,1,0.6667,4.004
3.72,44.7,4.71,3.62,acreditacion,5,3,6,4,1,0.6667,3.977
5.0,39.7,4.31,2.76,acreditacion,5,3,6,4,1,0.6667,3.897
3.99,90.8,3.24,3.74,acreditacion,5,3,6,4,0,0.6667,3.665
4.33,92.1,3.0,2.73,acreditacion,5,3,6,4,0,0.6667,3.291
3.87,61.3,4.66,4.91,tic,4,3,10,2,1,0.2,4.523
4.53,32.7,3.91,3.9,tic,4,3,10,2,1,0.2,4.092
3.6,59.3,4.31,4.29,tic,4,3,10,2,0,0.2,4.089
4.48,45.9,3.23,4.4,tic,4,3,10,2,0,0.2,4.073
3.71,30.2,4.9,3.41,tic,4,3,10,2,0,0.2,3.947
4.89,94.6,4.4,2.61,tic,4,3,10,2,0,0.2,3.831
4.1,46.1,3.58,3.8,tic,4,3,10,2,0,0.2,3.824
3.56,49.7,4.24,3.68,tic,4,3,10,2,0,0.2,3.812
4.52,76.0,3.44,3.35,tic,4,3,10,2,0,0.2,3.728
4.07,65.2,3.11,3.06,tic,4,3,10,2,0,0.2,3.378
4.68,47.7,4.64,4.36,academica_cursos,5,4,7,4,1,0.5714,4.54
4.86,45.6,3.68,4.39,academica_cursos,5,4,7,4,1,0.5714,4.318
4.95,55.6,4.65,2.98,academica_cursos,5,4,7,4,1,0.5714,4.072
4.61,76.0,4.7,3.04,academica_cursos,5,4,7,4,1,0.5714,4.009
4.54,58.3,3.82,3.14,academica_cursos,5,4,7,4,0,0.5714,3.764
3.96,45.1,3.09,4.08,academica_cursos,5,4,7,4,0,0.5714,3.747
4.52,76.0,3.39,2.8,academica_cursos,5,4,7,4,0,0.5714,3.493
4.52,72.0,4.17,4.81,investigacion,6,3,10,1,1,0.1,4.531
4.67,51.7,3.64,4.7,investigacion,6,3,10,1,0,0.1,4.373
3.55,33.7,4.56,4.78,investigacion,6,3,10,1,0,0.1,4.345
3.84,33.3,4.01,4.91,investigacion,6,3,10,1,0,0.1,4.319
4.7,90.5,4.32,4.02,investigacion,6,3,10,1,0,0.1,4.314
4.94,57.0,3.01,4.34,investigacion,6,3,10,1,0,0.1,4.121
4.45,53.6,3.91,3.97,investigacion,6,3,10,1,0,0.1,4.096
4.49,83.2,4.11,3.58,investigacion,6,3,10,1,0,0.1,4.012
4.23,36.0,4.38,2.93,investigacion,6,3,10,1,0,0.1,3.755
3.64,67.2,4.63,2.76,investigacion,6,3,10,1,0,0.1,3.585
4.56,51.0,3.63,4.34,deportiva,6,3,7,2,1,0.2857,4.193
3.99,67.4,4.69,3.87,deportiva,6,3,7,2,1,0.2857,4.152
3.6,69.4,4.77,3.78,deportiva,6,3,7,2,0,0.2857,4.023
3.6,69.4,3.59,4.51,deportiva,6,3,7,2,0,0.2857,3.961
4.18,32.9,3.28,4.01,deportiva,6,3,7,2,0,0.2857,3.842
4.37,58.4,3.8,3.36,deportiva,6,3,7,2,0,0.2857,3.795
3.84,92.7,4.11,3.04,deportiva,6,3,7,2,0,0.2857,3.601
4.45,53.6,4.42,4.94,laboratorios,4,3,9,3,1,0.3333,4.637
4.56,89.9,4.17,4.86,laboratorios,4,3,9,3,1,0.3333,4.563
5.0,94.7,4.52,3.91,laboratorios,4,3,9,3,1,0.3333,4.42
4.65,31.1,4.27,4.28,laboratorios,4,3,9,3,0,0.3333,4.388
4.73,30.9,4.79,3.83,laboratorios,4,3,9,3,0,0.3333,4.388
3.97,94.9,4.42,4.19,laboratorios,4,3,9,3,0,0.3333,4.193
4.94,65.9,4.84,2.83,laboratorios,4,3,9,3,0,0.3333,4.066
3.85,71.2,4.75,3.56,laboratorios,4,3,9,3,0,0.3333,4.004
4.7,90.5,3.36,3.86,laboratorios,4,3,9,3,0,0.3333,3.962
3.55,73.5,4.57,4.96,nee,4,3,3,1,1,0.3333,4.42
4.74,73.2,3.11,3.17,nee,4,3,3,1,0,0.3333,3.623
3.83,87.6,3.76,2.63,nee,4,3,3,1,0,0.3333,3.329
4.55,92.0,4.48,4.66,investigacion,4,3,6,3,1,0.5,4.573
4.88,82.7,4.68,4.23,investigacion,4,3,6,3,1,0.5,4.56
4.97,64.4,4.48,3.9,investigacion,4,3,6,3,1,0.5,4.395
5.0,81.1,3.59,4.38,investigacion,4,3,6,3,0,0.5,4.329
3.56,33.5,3.2,4.67,investigacion,4,3,6,3,0,0.5,3.896
3.56,84.8,3.06,4.54,investigacion,4,3,6,3,0,0.5,3.802
